cap_id,pop_cap,users_cap,ac_share_cap,kwh_cap,kwh_per_user_cap,kwh_pc_overall,kwh_GWh
2,29349.971132685547,22810.28625966558,0.7771825790405273,15852574.337318525,694.9748,540.122314453125,15.852574337318524
3,9041.909020647407,6912.1106485536675,0.7644525766372681,3878689.235834554,561.144,428.96795654296875,3.8786892358345537
17,12389.154159843922,9552.207305190392,0.7710136771202086,6871152.3879790865,719.3261,554.6102905273438,6.871152387979087
18,38820.51422589086,29338.69388616354,0.7557523250579834,22772368.594085477,776.1889,586.6065673828125,22.772368594085478
19,5736.376811541617,4372.762853869144,0.7622865438461304,1867456.5687942698,427.06558,325.5463562011719,1.86745656879427
21,1286.5160108944401,985.4274437676673,0.7659659385681152,551036.8959032142,559.18567,428.3171691894531,0.5510368959032143
22,35771.18075878578,26642.517265155762,0.7448039650917053,17872601.93003168,670.8301,499.6369018554687,17.872601930031678
24,2354.420031799935,1810.207556338023,0.7688549757003784,1092484.8085202763,603.51355,464.01440429687506,1.0924848085202763
33,8040.940718358848,6170.074618328676,0.767332434654236,4051698.6952334507,656.6693,503.8836669921875,4.05169869523345
40,43085.86913562426,26436.760630002587,0.6135830879211426,14803356.872107645,559.9535,343.5780029296875,14.803356872107646
41,17485.160989142372,6856.924427193607,0.39215677976608276,5374790.572821087,783.8486,307.39154052734375,5.374790572821087
42,211.85206925868988,163.73158417942292,0.7728580832481384,124408.3044823606,759.8308,587.2413940429688,0.12440830448236061
44,3906.593877106905,2370.902884767763,0.6068977117538452,1574323.47405547,664.01855,402.99133300781244,1.57432347405547
45,11841.172202533686,8016.498825771352,0.6770021319389343,6362406.948162699,793.66406,537.312255859375,6.3624069481626995
46,80953.7518709586,70205.4883056511,0.8672295808792114,49986807.257562526,712.00714,617.4736328125,49.986807257562525
47,81027.71184278402,52932.50051272917,0.6532641649246216,28737461.672760975,542.9077,354.6621398925781,28.737461672760976
48,37270.78625073869,16121.253596246986,0.4325439631938935,11422596.29127364,708.54266,306.4758605957032,11.42259629127364
49,18030.94907438825,16216.369190288902,0.8993630409240723,8505416.251547629,524.4957,471.7120666503906,8.50541625154763
50,49961.821112634556,40131.628068251564,0.8032459020614625,31036747.398042936,773.3738,621.2092895507812,31.036747398042937
51,36828.83580037113,19233.38082682509,0.5222370028495789,12509163.366576662,650.3882,339.6567687988281,12.509163366576662
52,9058.825406457414,3793.862234876938,0.4188028872013092,2386632.811563486,629.07733,263.45941162109375,2.386632811563486
53,104346.73128270754,42343.4541746312,0.405795693397522,23841349.29647951,563.0469,228.48199462890625,23.841349296479507
54,35139.4433121713,23548.70777465283,0.6701502799987793,19523969.281612236,829.0888,555.6140747070312,19.523969281612235
55,77100.78483946776,70348.10314686451,0.9124174714088441,45185619.89276584,642.3147,586.0591430664062,45.18561989276584
56,30156.22479126975,29553.100870628696,0.9800000190734863,17989393.674371697,608.71423,596.5399780273439,17.989393674371698
57,35070.24932880234,32532.123664343206,0.9276273846626282,19921637.57897736,612.36816,568.0494995117188,19.92163757897736
58,25116.31397424126,13452.143733833658,0.5355938673019409,9863644.362615265,733.23956,392.7186279296875,9.863644362615265
59,66384.34228579194,46158.298245255166,0.6953190565109252,32469720.76697452,703.44275,489.1171569824219,32.46972076697452
60,28973.535473469645,25869.405731204846,0.8928632736206055,18328236.952940185,708.49084,632.58544921875,18.328236952940184
61,36130.64617942367,34832.26611969143,0.9640643000602722,24830330.102204476,712.8543,687.2373657226562,24.830330102204474
62,44442.921702098916,37752.1560484992,0.8494526147842407,35706635.20341279,945.81714,803.4268188476561,35.706635203412795
63,72118.23777604848,70675.87439607373,0.9800000190734863,42757729.671426035,604.9834,592.8837280273438,42.757729671426034
64,14603.407050609589,11942.675647646827,0.8178006410598755,7021379.432833791,587.92346,480.80419921875,7.021379432833791
65,29384.453380942345,16845.821754657052,0.5732902884483337,9082711.404096605,539.167,309.0992126464844,9.082711404096605
66,15728.025020487607,14867.379297486912,0.9452794790267944,10964921.661988182,737.51544,697.1582031250001,10.964921661988182
67,71563.74090621813,33071.18712688507,0.4621221125125885,26942901.077794164,814.6941,376.4881591796875,26.942901077794165
68,33073.1598443985,24298.612806680223,0.7346928119659424,15615327.700693682,642.64276,472.14501953125,15.615327700693681
69,25336.3044321537,24626.925734576787,0.9720014929771423,13464337.541549722,546.73236,531.4246826171875,13.464337541549721
70,26312.38376045227,24725.703301897825,0.9396983385086061,13660736.335578078,552.49133,519.1751708984375,13.660736335578079
71,32566.940672397614,31915.602480114758,0.9800000190734863,23726586.585208554,743.41656,728.5482177734375,23.726586585208555
72,27792.772741794586,20036.84686374996,0.7209373116493226,15376200.54547366,767.39624,553.2445678710938,15.37620054547366
73,70586.86199496947,41452.44564320234,0.5872544050216674,30659050.659370616,739.6198,434.3450012207031,30.659050659370617
74,38808.75464874535,21366.092167804407,0.550548255443573,12094667.613665918,566.0683,311.6479187011719,12.094667613665917
75,19491.343437194824,12133.785383854407,0.6225217580795288,8379045.881101185,690.555,429.885498046875,8.379045881101186
76,18889.032276153564,10005.120356512105,0.5296788215637207,6725967.160824616,672.2525,356.0779113769531,6.7259671608246165
77,32315.93728375435,19446.47983243302,0.6017612814903259,13413760.9446718,689.7784,415.0819091796875,13.4137609446718
78,21326.93396949768,20900.39569688671,0.9800000190734863,16166486.32064403,773.50146,758.0314331054688,16.16648632064403
79,19608.257900238037,19172.140188948408,0.9777584671974181,13229118.580761634,690.0178,674.6707763671875,13.229118580761634
80,23511.163183800876,16038.503069818144,0.6821654438972473,11958435.68972913,745.608,508.6279907226563,11.95843568972913
81,16390.552707273746,11922.92872482567,0.7274268865585327,7928272.609379473,664.96014,483.70989990234375,7.928272609379473
82,45732.22046491504,43600.24924917674,0.9533814191818237,30250071.840132944,693.805,661.4608154296875,30.250071840132943
83,124691.94711527707,61583.658265061575,0.49388641119003296,45451592.24075652,738.0463,364.51104736328125,45.45159224075652
84,24148.800771926584,17111.67432742316,0.7085931301116943,8099775.886012356,473.34796,335.4111022949219,8.099775886012356
85,48415.66202664003,27234.710259066054,0.5625185966491699,16830878.669485316,617.99365,347.6329345703125,16.830878669485315
86,34904.34283016063,15580.027015045373,0.44636356830596924,9197670.349938583,590.3501,263.5107727050781,9.197670349938583
87,21520.38883805275,9459.47958681448,0.4395589530467987,5347807.431754041,565.33844,248.49957275390625,5.347807431754042
88,35387.85386483371,15003.797039207882,0.42398154735565186,9263537.514752671,617.4129,261.77166748046875,9.263537514752672
89,56399.959190968424,35724.50863872331,0.6334137320518494,31150729.48679231,871.9708,552.3182983398438,31.15072948679231
90,16071.50974097848,11483.035436728102,0.714496374130249,6124404.66715471,533.3437,381.0721435546875,6.124404667154709
91,23143.80084501207,12546.668566213742,0.5421178936958313,9995202.150815072,796.6419,431.87384033203125,9.995202150815071
92,27360.782808303833,14056.098698008742,0.5137315988540649,5571445.859906299,396.37213,203.6288909912109,5.571445859906299
93,27361.907522439957,12982.92912467968,0.4744891822338104,7926197.170695811,610.50916,289.67999267578125,7.9261971706958105
94,49740.821997775965,39232.2398906604,0.7887332439422607,26640141.720610246,679.037,535.5790405273438,26.640141720610245
95,20080.18286535726,17791.978719589133,0.8860466480255126,13119655.390606945,737.3916,653.3633422851562,13.119655390606946
96,17942.211835861206,14588.688036308695,0.8130930662155151,11039054.24747819,756.68585,615.2560424804688,11.039054247478191
97,16598.42121887207,14622.017632008065,0.8809282183647156,11387708.346731775,778.80554,686.07177734375,11.387708346731774
98,14380.48989868164,13435.210075586225,0.9342665076255798,8146694.9837984,606.369,566.51025390625,8.1466949837984
99,24342.991253852844,23856.1318930815,0.9800000190734864,14118609.541792475,591.82306,579.9866333007812,14.118609541792475
100,47341.84105396271,39139.26230198089,0.8267372250556946,30805637.06145012,787.0776,650.7063598632812,30.80563706145012
101,24992.35162115097,24492.505065419227,0.9800000190734863,15375941.797139065,627.7815,615.2258911132812,15.375941797139065
102,20945.950095653534,20527.031493252754,0.9800000190734862,9751613.734325934,475.06204,465.5608215332031,9.751613734325934
103,11031.124708798015,4985.568248067738,0.45195466279983526,2574877.1982136024,516.4661,233.41928100585935,2.5748771982136023
104,33387.493509120395,27989.839942393297,0.8383330702781677,15559008.066779094,555.88055,466.0130615234375,15.559008066779095
105,24873.10076235215,24375.639221521855,0.9800000190734863,17430888.052732285,715.0946,700.792724609375,17.430888052732286
106,10480.89203453064,10271.274393747179,0.9800000190734864,6963687.238944956,677.9769,664.4174194335938,6.9636872389449564
107,9688.623348236084,9494.851066067187,0.9800000190734863,7276203.442256492,766.3315,751.0048828125,7.276203442256492
108,18091.153290748596,17729.33056999499,0.9800000190734863,10636366.956010029,599.93054,587.9319458007812,10.63636695601003
109,15912.353633403778,15594.106864239762,0.9800000190734863,10584549.165719267,678.7532,665.1781005859375,10.584549165719267
110,28650.379437051713,28077.3723947733,0.9800000190734864,20362026.11389307,725.21124,710.70703125,20.36202611389307
111,27986.80167388916,27427.066174217256,0.9800000190734863,16943244.580220286,617.75635,605.4012451171875,16.943244580220284
112,24055.47758114175,23574.368488340737,0.9800000190734863,16785729.901975475,712.0331,697.7924194335938,16.785729901975476
