year,scenario,ramp_factor,ac_penalty,deaths_on_warning_days,gross_avoided_deaths,net_avoided_deaths,life_years_saved,warning_days,cost_total,cost_pv,gross_<15,gross_15-64,gross_65+,net_<15,net_15-64,net_65+,lys_<15,lys_15-64,lys_65+
2020,low,0.15,0.9592810302972794,77.79289348151475,0.4929635856139145,0.44589141928424775,5.900072512646968,28.0,104303.741808,104303.741808,0.0,0.04448384463449358,0.44847974097942095,0.0,0.042259652402768896,0.40363176688147884,0.0,1.0564913100692224,4.843581202577746
2021,low,0.15,0.9589438164234161,82.07153966938303,0.5222174721659284,0.47226397474471393,6.2274253963950255,29.3,109109.370813765,105931.42797452911,0.0,0.04536499590756748,0.4768524762583609,0.0,0.043096746112189104,0.4291672286325248,0.0,1.0774186528047276,5.150006743590298
2022,low,1.0,0.9586066025495529,86.3501858572513,3.676337750038714,3.324119147190456,43.69697728872189,30.6,759411.4171644001,715818.0951686306,0.0,0.30830344311226116,3.368034306926453,0.0,0.2928882709566481,3.0312308762338076,0.0,7.322206773916203,36.37477051480569
2023,low,1.0,0.9582693886756897,90.62883204511957,3.871087710890338,3.4996874085720733,45.876240689244966,31.9,791405.1139379,724247.7891897062,0.0,0.31416937541539114,3.5569183354749465,0.0,0.29846090664462155,3.2012265019274517,0.0,7.461522666115538,38.414718023129424
2024,low,1.0,0.9579321748018265,94.90747823298784,4.065699696994394,3.6751312824429467,48.05395951086938,33.2,823376.8957456002,731559.7074229922,0.0,0.32003110295983966,3.745668594034554,0.0,0.30402954781184766,3.371101734631099,0.0,7.600738695296191,40.45322081557319
2025,low,1.0,0.9575949609279633,99.18612442085612,4.26017370835088,3.850450768803073,50.23013375359512,34.5,855326.7625875,737812.3789268458,0.0,0.3258886257456068,3.9342850826052738,0.0,0.3095941944583264,3.5408565743447467,0.0,7.73985486145816,42.490278892136956
2026,low,1.0,0.9572577470541,103.4647706087244,4.4545097449598,4.025645867652455,52.40476341742221,35.8,887254.7144636,743061.8550316159,0.0,0.33174194377269256,4.122767801187107,0.0,0.3151548465840579,3.7104910210683966,0.0,7.878871164601447,44.52589225282076
2027,low,1.0,0.9569205331802368,107.74341679659267,4.648707806821151,4.2007165789910905,54.57784850235063,37.1,919160.7513739001,747361.804502097,0.0,0.33759105704109704,4.311116749780054,0.0,0.32071150418904215,3.8800050748020487,0.0,8.017787604726054,46.56006089762458
2028,low,1.0,0.9565833193063736,112.02206298446094,4.842767893934935,4.375662902818982,56.74938900838041,38.4,951044.8733184,750763.6052444719,0.0,0.34343596555081995,4.499331928384115,0.0,0.32626416727327895,4.0493987355457035,0.0,8.156604181831973,48.59278482654844
2029,low,1.0,0.9562461054325104,116.3007091723292,5.036690006301151,4.550484839136129,58.91938493551154,39.7,982907.0802971001,753316.4326787181,0.0,0.3492766693018616,4.687413336999289,0.0,0.33181283583676846,4.2186720032993605,0.0,8.295320895919211,50.62406403959233
2030,low,1.0,0.9559088915586471,120.57935536019748,5.230474143919797,4.725182387942529,61.08783628374398,41.0,1014747.37231,755067.3448933124,0.0,0.3551131682942217,4.875360975625576,0.0,0.3373575098795106,4.387824878063018,0.0,8.433937746987764,52.653898536756216
2031,low,1.0,0.9558427587151528,124.73981710988684,5.433563094246693,4.907807433193698,63.241049346127674,42.0,1037188.7817060001,749287.2437539634,0.0,0.3520129674334664,5.081550126813227,0.0,0.33441231906179303,4.5733951141319045,0.0,8.360307976544826,54.88074136958285
2032,low,1.0,0.9557766258716583,128.9002788595762,5.636623891866378,5.090407162288064,65.39396387071264,43.0,1059520.2612680001,743126.1939101772,0.0,0.3489131921664679,5.28771069969991,0.0,0.3314675325581445,4.75893962972992,0.0,8.286688313953611,57.107275556759035
2033,low,1.0,0.9557104930281639,133.06074060926557,5.839656536778851,5.272981575225629,67.54657985749888,44.0,1081741.8109960002,736613.5357243728,0.0,0.34581384249322633,5.493842694285625,0.0,0.328523150368565,4.944458424857063,0.0,8.213078759214126,59.333501098284756
2034,low,1.0,0.9556443601846695,137.2212023589549,6.042661028984114,5.45553067200639,69.69889730648637,45.0,1103853.43089,729777.1581753512,0.0,0.3427149184137417,5.699946110570372,0.0,0.32557917249305457,5.129951499513335,0.0,8.139479312326364,61.559417994160015
2035,low,1.0,0.955578227341175,141.38166410864426,6.245637368482164,5.6380544526303495,71.85091621767516,46.0,1125855.1209500001,722643.5604195339,0.0,0.33961641992801395,5.906020948554151,0.0,0.32263559893161325,5.315418853698736,0.0,8.065889973290332,63.78502624438483
2036,low,1.0,0.9555120944976807,145.54212585833363,6.448585555273007,5.820552917097508,74.00263659106524,47.0,1147746.8811760002,715237.9109418798,0.0,0.33651834703604316,6.112067208236963,0.0,0.319692429684241,5.500860487413267,0.0,7.992310742106025,66.01032584895921
2037,low,1.0,0.9554459616541863,149.70258760802298,6.651505589356636,6.003026065407864,76.15405842665656,48.0,1169528.711568,707584.1043862855,0.0,0.33342069973782923,6.318084889618807,0.0,0.31674966475093774,5.686276400656927,0.0,7.918741618773444,68.23531680788312
2038,low,1.0,0.9553798288106918,153.86304935771233,6.854397470733053,6.185473897561416,78.30518172444914,49.0,1191200.612126,699704.816152027,0.0,0.33032347803337225,6.524073992699681,0.0,0.3138073041317036,5.871666593429713,0.0,7.84518260329259,70.45999912115656
2039,low,1.0,0.9553136959671974,158.0235111074017,7.057261199402261,6.367896413558169,80.45600648444304,50.0,1212762.5828500001,691621.554839694,0.0,0.3272266819226722,6.730034517479589,0.0,0.3108653478265386,6.05703106573163,0.0,7.771633695663464,72.68437278877957
2040,low,1.0,0.955247563123703,162.18397285709105,7.260096775364257,6.550293613398118,82.60653270663816,51.0,1234214.6237400002,683354.7126270477,0.0,0.32413031140572895,6.935966463958528,0.0,0.3079237958354425,6.242369817562675,0.0,7.698094895886062,74.9084378107521
2041,low,1.0,0.9547178596258163,164.65375741127713,7.387047527469308,6.664104328565139,83.86235574194369,51.7,1248543.0055483002,671153.3885738136,0.0,0.315231076855225,7.071816450614083,0.0,0.2994695230124637,6.364634805552675,0.0,7.486738075311592,76.3756176666321
2042,low,1.0,0.9541881561279297,167.12354196546318,7.513852940777065,6.777784722596113,85.11673441765171,52.4,1262800.6611192,659046.195147681,0.0,0.30634151793509024,7.207511422841975,0.0,0.2910244420383357,6.486760280557777,0.0,7.275611050958393,77.84112336669332
2043,low,1.0,0.953658452630043,169.59332651964925,7.640513015287531,6.891334795491044,86.36966873376228,53.1,1276987.5904527,647039.0749295008,0.0,0.29746163464532477,7.343051380642206,0.0,0.2825885529130585,6.608746242577985,0.0,7.064713822826462,79.30495491093582
2044,low,1.0,0.9531287491321564,172.06311107383533,7.767027751000706,7.004754547249932,87.6211586902754,53.8,1291103.7935488,635137.5131625752,0.0,0.28859142698592855,7.478436324014777,0.0,0.2741618556366321,6.7305926916133,0.0,6.854046390915802,80.7671122993596
2020,central,0.15,0.9185620605945587,77.79289348151475,0.9653749534769045,0.7400045732921274,10.125976817892552,28.0,104303.741808,104303.741808,0.0,0.10648905456299343,0.8588858989139111,0.0,0.09584014910669408,0.6441644241854333,0.0,2.396003727667352,7.729973090225199
2021,central,0.15,0.9178876328468323,82.07153966938303,1.021429917262893,0.7823559657179917,10.65838675474002,29.3,109109.370813765,105931.42797452911,0.0,0.10855685180548015,0.9128730654574128,0.0,0.09770116662493214,0.6846547990930596,0.0,2.4425291656233035,8.215857589116716
2022,central,1.0,0.9172132050991059,86.3501858572513,7.182676436576922,5.497628822911648,74.60002252229833,30.6,759411.4171644001,715818.0951686306,0.0,0.7374766365263724,6.44519980005055,0.0,0.6637289728737352,4.833899850037913,0.0,16.59322432184338,58.00679820045495
2023,central,1.0,0.9165387773513793,90.62883204511957,7.55526398765227,5.779130976322623,78.13884459137829,31.9,791405.1139379,724247.7891897062,0.0,0.75121990388947,6.8040440837628005,0.0,0.6760979135005231,5.1030330628221,0.0,16.902447837513076,61.23639675386521
2024,central,1.0,0.9158643496036529,94.90747823298784,7.927295434978666,6.060212898352874,81.67237790550668,33.2,823376.8957456002,731559.7074229922,0.0,0.7649421474591606,7.1623532875195055,0.0,0.6884479327132446,5.371764965639629,0.0,17.211198317831116,64.46117958767556
2025,central,1.0,0.9151899218559265,99.18612442085612,8.298770778556108,6.3408745890023965,85.20062246468346,34.5,855326.7625875,737812.3789268458,0.0,0.7786433672354443,7.520127411320663,0.0,0.7007790305118998,5.640095558490497,0.0,17.519475762797494,67.68114670188596
2026,central,1.0,0.9145154941082001,103.4647706087244,8.669690018384596,6.621116048271195,88.7235782689087,35.8,887254.7144636,743061.8550316159,0.0,0.7923235632183209,7.877366455166275,0.0,0.7130912068964887,5.908024841374706,0.0,17.82728017241222,70.89629809649648
2027,central,1.0,0.9138410663604737,107.74341679659267,9.040053154464129,6.900937276159267,92.24124531818237,37.1,919160.7513739001,747361.804502097,0.0,0.8059827354077909,8.234070419056339,0.0,0.7253844618670118,6.175552814292255,0.0,18.134611546675295,74.10663377150706
2028,central,1.0,0.9131666386127472,112.02206298446094,9.409860186794711,7.180338272666611,95.75362361250441,38.4,951044.8733184,750763.6052444719,0.0,0.8196208838038536,8.590239302990858,0.0,0.7376587954234682,6.442679477243143,0.0,18.441469885586706,77.31215372691771
2029,central,1.0,0.9124922108650207,116.3007091723292,9.779111115376338,7.459319037793231,99.26071315187494,39.7,982907.0802971001,753316.4326787181,0.0,0.8332380084065093,8.94587310696983,0.0,0.7499142075658584,6.709404830227372,0.0,18.74785518914646,80.51285796272848
2030,central,1.0,0.9118177831172943,120.57935536019748,10.147805940209013,7.737879571539124,102.76251393629386,41.0,1014747.37231,755067.3448933124,0.0,0.8468341092157582,9.300971830993255,0.0,0.7621506982941824,6.975728873244941,0.0,19.05376745735456,83.7087464789393
2031,central,1.0,0.9116855174303055,124.73981710988684,10.532971069267349,8.025634912150242,106.1283345413819,42.0,1037188.7817060001,749287.2437539634,0.0,0.8393774013315374,9.693593667935811,0.0,0.7554396611983837,7.270195250951859,0.0,18.885991529959593,87.2423430114223
2032,central,1.0,0.9115532517433167,128.9002788595762,10.918024013090598,8.313306433030364,109.49317420693275,43.0,1059520.2612680001,743126.1939101772,0.0,0.8319228214161012,10.086101191674496,0.0,0.7487305392744911,7.5645758937558725,0.0,18.718263481862277,90.77491072507047
2033,central,1.0,0.9114209860563278,133.06074060926557,11.302964771678758,8.600894134179487,112.8570329329464,44.0,1081741.8109960002,736613.5357243728,0.0,0.8244703694694494,10.478494402209309,0.0,0.7420233325225045,7.858870801656982,0.0,18.550583313062614,94.30644961988378
2034,central,1.0,0.911288720369339,137.2212023589549,11.687793345031832,8.888398015597613,116.21991071942287,45.0,1103853.43089,729777.1581753512,0.0,0.8170200454915822,10.87077329954025,0.0,0.735318040942424,8.153079974655189,0.0,18.3829510235606,97.83695969586226
2035,central,1.0,0.9111564546823502,141.38166410864426,12.07250973314982,9.17581807728474,119.58180756636213,46.0,1125855.1209500001,722643.5604195339,0.0,0.8095718494824998,11.26293788366732,0.0,0.7286146645342498,8.44720341275049,0.0,18.215366613356245,101.36644095300588
2036,central,1.0,0.9110241889953613,145.54212585833363,12.457113936032718,9.46315431924087,122.94272347376419,47.0,1147746.8811760002,715237.9109418798,0.0,0.8021257814422016,11.654988154590516,0.0,0.7219132032979815,8.741241115942888,0.0,18.047830082449536,104.89489339131465
2037,central,1.0,0.9108919233083725,149.70258760802298,12.841605953680531,9.750406741466001,126.30265844162908,48.0,1169528.711568,707584.1043862855,0.0,0.7946818413706882,12.046924112309844,0.0,0.7152136572336194,9.035193084232382,0.0,17.880341430840485,108.42231701078859
2038,central,1.0,0.9107596576213837,153.86304935771233,13.225985786093256,10.037575343960135,129.66161246995676,49.0,1191200.612126,699704.816152027,0.0,0.7872400292679593,12.438745756825297,0.0,0.7085160263411634,9.329059317618972,0.0,17.712900658529087,111.94871181142767
2039,central,1.0,0.9106273919343948,158.0235111074017,13.610253433270895,10.324660126723273,133.01958555874725,50.0,1212762.5828500001,691621.554839694,0.0,0.7798003451340149,12.83045308813688,0.0,0.7018203106206133,9.62283981610266,0.0,17.54550776551533,115.47407779323191
2040,central,1.0,0.910495126247406,162.18397285709105,13.994408895213445,10.61166108975541,136.37657770800053,51.0,1234214.6237400002,683354.7126270477,0.0,0.772362788968855,13.222046106244589,0.0,0.6951265100719696,9.916534579683441,0.0,17.378162751799238,118.99841495620129
2041,central,1.0,0.9094357192516327,164.65375741127713,14.223501557263672,10.780231058840332,138.14595419570517,51.7,1248543.0055483002,671153.3885738136,0.0,0.750699272617195,13.472802284646477,0.0,0.6756293453554756,10.104601713484858,0.0,16.89073363388689,121.25522056181829
2042,central,1.0,0.9083763122558594,167.12354196546318,14.4520225397551,10.948379524978932,139.91083867243054,52.4,1262800.6611192,659046.195147681,0.0,0.7290841344173812,13.72293840533772,0.0,0.656175720975643,10.29220380400329,0.0,16.404393024391076,123.50644564803947
2043,central,1.0,0.907316905260086,169.59332651964925,14.679971842687731,11.116106488171209,141.67123113817664,53.1,1276987.5904527,647039.0749295008,0.0,0.7075173743694139,13.972454468318317,0.0,0.6367656369324725,10.479340851238737,0.0,15.919140923311812,125.75209021486484
2044,central,1.0,0.9062574982643128,172.06311107383533,14.907349466061568,11.283411948417172,143.4271315929436,53.8,1291103.7935488,635137.5131625752,0.0,0.685998992473293,14.221350473588275,0.0,0.6173990932259638,10.666012855191207,0.0,15.434977330649094,127.99215426229449
2020,high,0.15,0.8371241211891174,77.79289348151475,1.6030256001163148,1.0006345362763938,14.026211598060186,28.0,104303.741808,104303.741808,0.0,0.19409588103302494,1.40892971908329,0.0,0.15527670482641998,0.8453578314499739,0.0,3.8819176206604995,10.144293977399688
2021,high,0.15,0.8357752656936646,82.07153966938303,1.6938678761670365,1.0558589560516631,14.726295450894902,29.3,109109.370813765,105931.42797452911,0.0,0.19769115175720622,1.4961767244098303,0.0,0.15815292140576498,0.8977060346458982,0.0,3.9538230351441244,10.772472415750778
2022,high,1.0,0.8344264101982116,86.3501858572513,11.896057298438127,7.405999456670001,102.8269775156105,30.6,759411.4171644001,715818.0951686306,0.0,1.3418253880356223,10.554231910402505,0.0,1.0734603104284979,6.332539146241503,0.0,26.836507760712447,75.99046975489804
2023,high,1.0,0.8330775547027588,90.62883204511957,12.497651706082413,7.77171615748603,107.46310084933461,31.9,791405.1139379,724247.7891897062,0.0,1.3656256691829085,11.132026036899505,0.0,1.0925005353463269,6.679215622139703,0.0,27.31251338365817,80.15058746567644
2024,high,1.0,0.8317286992073059,94.90747823298784,13.097235730713109,8.13620980945918,112.08367300713844,33.2,823376.8957456002,731559.7074229922,0.0,1.3893418551565666,11.707893875556543,0.0,1.1114734841252534,7.024736325333926,0.0,27.786837103131333,84.29683590400711
2025,high,1.0,0.830379843711853,99.18612442085612,13.694809372330205,8.499480412589442,116.68869398902193,34.5,855326.7625875,737812.3789268458,0.0,1.4129739459565973,12.281835426373608,0.0,1.130379156765278,7.369101255824164,0.0,28.259478919131947,88.42921506988998
2026,high,1.0,0.8290309882164002,103.4647706087244,14.290372630933707,8.861527966876825,121.27816379498509,35.8,887254.7144636,743061.8550316159,0.0,1.436521941583,12.853850689350708,0.0,1.1492175532664,7.712310413610425,0.0,28.73043883166,92.5477249633251
2027,high,1.0,0.8276821327209473,107.74341679659267,14.883925506523614,9.222352472321322,125.85208242502793,37.1,919160.7513739001,747361.804502097,0.0,1.4599858420357748,13.42393966448784,0.0,1.1679886736286198,8.054363798692703,0.0,29.199716840715496,96.65236558431243
2028,high,1.0,0.8263332772254943,112.02206298446094,15.475467999099923,9.581953928922939,130.41044987915043,38.4,951044.8733184,750763.6052444719,0.0,1.4833656473149217,13.992102351785002,0.0,1.1866925178519374,8.395261411071,0.0,29.667312946298434,100.74313693285201
2029,high,1.0,0.8249844217300415,116.3007091723292,16.06500010866264,9.940332336681672,134.95326615735266,39.7,982907.0802971001,753316.4326787181,0.0,1.5066613574204406,14.558338751242202,0.0,1.2053290859363526,8.73500325074532,0.0,30.133227148408814,104.82003900894384
2030,high,1.0,0.8236355662345887,120.57935536019748,16.65252183521176,10.297487695597525,139.48053125963455,41.0,1014747.37231,755067.3448933124,0.0,1.5298729723523319,15.12264886285943,0.0,1.2238983778818655,9.073589317715658,0.0,30.59745944704664,108.8830718125879
2031,high,1.0,0.8233710348606109,124.73981710988684,17.274379627452706,10.667854723202536,143.78205790843785,42.0,1037188.7817060001,749287.2437539634,0.0,1.5161347336545608,15.758244893798146,0.0,1.2129077869236486,9.454946936278887,0.0,30.322694673091217,113.45936323534664
2032,high,1.0,0.8231065034866333,128.9002788595762,17.895834404034854,11.037981643787298,148.08079179649962,43.0,1059520.2612680001,743126.1939101772,0.0,1.502405006831928,16.393429397202926,0.0,1.2019240054655425,9.836057638321755,0.0,30.04810013663856,118.03269165986106
2033,high,1.0,0.8228419721126556,133.06074060926557,18.5168861649582,11.407868457351807,152.3767329238198,44.0,1081741.8109960002,736613.5357243728,0.0,1.4886837918844331,17.028202373073768,0.0,1.1909470335075465,10.21692142384426,0.0,29.773675837688664,122.60305708613112
2034,high,1.0,0.822577440738678,137.2212023589549,19.137534910222744,11.77751516389606,156.66988129039834,45.0,1103853.43089,729777.1581753512,0.0,1.4749710888120768,17.662563821410668,0.0,1.1799768710496614,10.5975382928464,0.0,29.499421776241537,127.17045951415679
2035,high,1.0,0.8223129093647004,141.38166410864426,19.757780639828493,12.146921763420067,160.96023689623533,46.0,1125855.1209500001,722643.5604195339,0.0,1.4612668976148586,18.296513742213634,0.0,1.169013518091887,10.97790824532818,0.0,29.225337952297174,131.73489894393816
2036,high,1.0,0.8220483779907226,145.54212585833363,20.377623353775434,12.516088255923815,165.2477997413307,47.0,1147746.8811760002,715237.9109418798,0.0,1.4475712182927785,18.930052135482654,0.0,1.1580569746342229,11.358031281289593,0.0,28.951424365855573,136.29637537547512
2037,high,1.0,0.821783846616745,149.70258760802298,20.99706305206358,12.885014641407317,169.53256982568448,48.0,1169528.711568,707584.1043862855,0.0,1.4338840508458364,19.563179001217744,0.0,1.1471072406766691,11.737907400730647,0.0,28.67768101691673,140.85488880876775
2038,high,1.0,0.8215193152427673,153.86304935771233,21.61609973469292,13.253700919870559,173.81454714929666,49.0,1191200.612126,699704.816152027,0.0,1.420205395274033,20.19589433941889,0.0,1.1361643162192265,12.117536603651333,0.0,28.404107905480664,145.410439243816
2039,high,1.0,0.8212547838687897,158.0235111074017,22.234733401663465,13.622147091313552,178.09373171216723,50.0,1212762.5828500001,691621.554839694,0.0,1.4065352515773675,20.8281981500861,0.0,1.125228201261894,12.496918890051658,0.0,28.130705031547347,149.9630266806199
2040,high,1.0,0.8209902524948121,162.18397285709105,22.852964052975214,13.990353155736297,182.37012351429632,51.0,1234214.6237400002,683354.7126270477,0.0,1.39287361975584,21.460090433219374,0.0,1.114298895804672,12.876054259931625,0.0,27.8574723951168,154.5126511191795
2041,high,1.0,0.8188714385032654,164.65375741127713,23.187938759820497,14.183140229322484,184.25728537023937,51.7,1248543.0055483002,671153.3885738136,0.0,1.35188486715092,21.83605389266958,0.0,1.081507893720736,13.101632335601748,0.0,27.0376973430184,157.21958802722096
2042,high,1.0,0.8167526245117187,167.12354196546318,23.520874771514848,14.374742788339585,186.1322455824702,52.4,1262800.6611192,659046.195147681,0.0,1.3110896271533852,22.20978514436146,0.0,1.0488717017227083,13.325871086616877,0.0,26.221792543067707,159.9104530394025
2043,high,1.0,0.8146338105201721,169.59332651964925,23.851772088058265,14.565160832787605,187.99500415098893,53.1,1276987.5904527,647039.0749295008,0.0,1.270487899763236,22.58128418829503,0.0,1.0163903198105888,13.548770512977017,0.0,25.40975799526472,162.5852461557242
2044,high,1.0,0.8125149965286255,172.06311107383533,24.18063070945075,14.754394362666545,189.84556107579544,53.8,1291103.7935488,635137.5131625752,0.0,1.2300796849804718,22.95055102447028,0.0,0.9840637479843775,13.770330614682168,0.0,24.601593699609438,165.24396737618602
