"CNTR_CODE","agegroup","agepop","death","excess_total_est","excess_cold_est","excess_heat_est","excess_total_low","excess_total_hi","excess_cold_low","excess_cold_hi","excess_heat_low","excess_heat_hi","rawrate_total_est","rawrate_cold_est","rawrate_heat_est","rawrate_total_low","rawrate_total_hi","rawrate_cold_low","rawrate_cold_hi","rawrate_heat_low","rawrate_heat_hi","af_total_est","af_cold_est","af_heat_est","af_total_low","af_total_hi","af_cold_low","af_cold_hi","af_heat_low","af_heat_hi","cntr_name","region"
"AT","20-44",871592.076601668,544.59941498341,11.8800994479155,5.15085540719004,6.72924404072549,4.34325177163598,19.3137764108542,-0.608884455917303,11.118864365395,0.462831030571128,11.8958522646298,1.3630343559611,0.590970884828736,0.772063471132364,0.498312443198232,2.21591922750818,-0.0698588792008458,1.2756958976437,0.0531017941759754,1.36484171712662,2.1814381582245,0.945806268878739,1.23563188934576,0.797513117374224,3.54641886852606,-0.111804096582779,2.04165925623217,0.0849855908466641,2.18433070938796,"Austria","Western"
"AT","45-64",656253.987526956,2964.24759859361,74.8856128169446,56.9264248746505,17.9591879422941,27.5948026630208,124.034113037141,10.4593512287257,104.731279861601,2.05375160965414,34.0385129194629,11.4110716643636,8.67445013007441,2.73662153428917,4.20489676062919,18.9003214295968,1.59379621724525,15.9589551990798,0.312950724671944,5.18678950016509,2.52629412106041,1.92043420737388,0.605859913686523,0.930920975566051,4.18433713485975,0.352850120674406,3.53314884732609,0.0692840777075622,1.14830194804282,"Austria","Western"
"AT","65-74",225775.09425522,4004.51579850011,159.321871841632,134.272316660699,25.0495551809337,58.2004124152069,258.632755413534,32.630769642097,235.008980028907,15.491427063538,33.8702757088721,70.5666284260442,59.4717132567841,11.0949151692601,25.7780481089806,114.553270929508,14.4527764453995,104.089860223133,6.86144196490789,15.0017767994306,3.978555207631,3.35302252299742,0.625532684633582,1.45336952939494,6.45852753310162,0.814849317221294,5.86859914791519,0.38684894361861,0.845802024843009,"Austria","Western"
"AT","75-84",139153.318367151,5790.06714924841,304.073312615265,265.362798578077,38.710514037188,169.97936223828,445.454626284937,125.430906209044,406.705231745463,24.5644364248074,50.9032693048495,218.516752732392,190.698146254714,27.8186064776779,122.152575470601,320.117861012571,90.1386382163732,292.271313769453,17.6527852249955,36.5807081729399,5.25163706701978,4.58306944872864,0.668567618291144,2.93570623374108,7.69342763741108,2.16631177110487,7.02418851564192,0.424251321990212,0.879148168626285,"Austria","Western"
"AT","85+",56385.7126448581,8525.00745372471,566.004480775306,504.918118771917,61.0863620033891,363.418340063594,756.831435947358,298.369713906261,696.579170187876,42.1309418465171,78.0780569777441,1003.80833056106,895.471734040346,108.336596520714,644.522030523161,1342.2397278442,529.158362838338,1235.38240010415,74.7191795054117,138.471349062331,6.63934294307286,5.92278800356134,0.716554939511514,4.26296800367971,8.87778034278066,3.49993493291198,8.17100951487767,0.494204164338994,0.915870835322621,"Austria","Western"
"BE","20-44",1078612.88211901,751.119836388023,20.889741652314,7.2753424608313,13.6143991914827,12.3174015983202,27.9528141249711,2.90002496220875,11.3560530080769,5.43474377494281,21.0749320738351,1.93672280376206,0.674509138676186,1.26221366508587,1.14196685414343,2.59155203765561,0.26886615302716,1.0528386223023,0.503864163411983,1.9538921167372,2.78114631518298,0.968599430926613,1.81254688425637,1.63987169578053,3.72148527715501,0.386093512874637,1.51188298563459,0.723552156614229,2.80580155826799,"Belgium","Western"
"BE","45-64",822731.379583945,3992.73218168192,86.7468669452836,62.8628249186818,23.8840420266018,45.1057522422922,131.228940289313,13.3601363650342,112.195857049326,11.0660467479477,35.815110875845,10.5437654498059,7.64074720845965,2.90301824134628,5.48243975635185,15.9503993096356,1.62387587207266,13.6369974250968,1.34503764199972,4.35319616640327,2.17261922408083,1.57443129311521,0.598187930965626,1.12969641312861,3.28669528327926,0.334611382810212,2.81000207236699,0.277154746284189,0.897007593951819,"Belgium","Western"
"BE","65-74",284580.631642254,4893.24629156782,164.10377803726,144.209747206997,19.8940308302633,80.6628842436069,253.9419194899,59.5661420109564,234.263373063048,14.3792762034077,25.2620929911967,57.6651253777365,50.6744771683137,6.99064820942277,28.3444743860883,89.2337324660694,20.9312002954006,82.3188042387721,5.05279509727277,8.87695443130284,3.35367909684106,2.94711810144328,0.406560995397783,1.64845338732709,5.18964107585386,1.2173133838287,4.78748379101084,0.29385964545023,0.516264489582898,"Belgium","Western"
"BE","75-84",184055.143210178,8326.12600081498,385.147647852056,348.665306177837,36.4823416742191,240.573115113658,527.061500314556,203.696641347149,490.087053420459,26.5640461198429,45.5477018873706,209.25666141926,189.435242121806,19.8214192974542,130.707086429495,286.36064775038,110.671529083293,266.27186009185,14.4326562444977,24.7467694153802,4.62577251190238,4.18760544992604,0.43816706197634,2.88937634489449,6.33021287766923,2.44647560374669,5.88613544129032,0.319044488604217,0.5470455513514,"Belgium","Western"
"BE","85+",85409.7161781544,12878.2130899959,775.224007028256,713.821650451446,61.4023565768107,540.079867264626,1016.14199253311,475.409968766206,953.63813877937,45.9131102388502,75.2034909336312,907.653182468411,835.761646792619,71.8915356757921,632.340079597131,1189.72645970811,556.622817683362,1116.5452614199,53.7563081735115,88.0502761263903,6.01965506868706,5.54286254982037,0.476792518866687,4.19374849204952,7.8903958602958,3.69158333880589,7.40505015808584,0.356517708769058,0.583959050903198,"Belgium","Western"
"BG","20-44",1104089.16734268,1418.49645765846,78.6121444140571,67.3777087622392,11.2344356518179,42.1413647156155,115.59261793441,32.3442974558116,103.015780704624,3.69135526314616,19.1540315154173,7.12009018286634,6.10256044123715,1.01752974162919,3.81684432399977,10.4695002318171,2.92950047989853,9.33038596443813,0.334334886377927,1.73482650513791,5.54193448912967,4.74993845761594,0.791996031513731,2.97084737068565,8.14895358464418,2.28018175732372,7.26232202755539,0.260230136156952,1.35030520605143,"Bulgaria","Eastern"
"BG","45-64",861837.041714382,8317.91760223723,641.543981745671,575.472578352,66.0714033936707,463.509873569447,816.690249779531,399.639539085202,745.867596001977,29.944746778949,106.953763270449,74.4391283611459,66.7727830782557,7.66634528289018,53.7816142884071,94.7615628303648,46.3706617077205,86.5439241876032,3.47452538352057,12.4099752150005,7.71279558688004,6.91846933176181,0.794326255118226,5.57242684689229,9.81844602018983,4.80456237000607,8.96699909363569,0.360002926344147,1.28582378889738,"Bulgaria","Eastern"
"BG","65-74",367294.10141752,10441.5399309195,942.690995639068,858.715145260177,83.975850378891,716.758523570286,1156.98788393851,644.453279860629,1059.36755656454,38.9520699648396,132.071051551881,256.658354163839,233.79497300558,22.8633811582593,195.145666865887,315.003121333361,175.459741219217,288.424875998841,10.6051444372533,35.9578471427043,9.02827554054143,8.22402778652747,0.804247754013964,6.86449056664355,11.0806249996941,6.17201374628924,10.1457022965314,0.373049092591169,1.26486181564841,"Bulgaria","Eastern"
"BG","75-84",204450.016474379,14594.4210849849,1473.32606542535,1353.80086863937,119.525196785985,1172.12865049458,1761.41210034283,1061.54282136388,1635.57014813611,62.5078109932748,177.551011610617,720.628978579702,662.167160455582,58.46181812412,573.308171213312,861.536785722668,519.218750709616,799.985334479576,30.5736394993678,86.8432366367,10.095131946968,9.27615326949959,0.818978677468441,8.03134734614784,12.0690782463102,7.27362061970388,11.2068175819514,0.428299352398323,1.21656769101507,"Bulgaria","Eastern"
"BG","85+",59206.2391023431,11731.4230082158,1286.0949931042,1189.22017025789,96.8748228463132,1032.68162575268,1523.56209167485,951.770019626674,1422.99035360654,51.8738404746823,145.704354458904,2172.22882689961,2008.6061676747,163.622659224912,1744.21081529533,2573.31341219164,1607.5502076419,2403.44662181089,87.6154967131317,246.096284222751,10.962821749787,10.1370496096258,0.825772140161251,8.80269703879457,12.9870186302877,8.11299719531147,12.129733559262,0.442178586846231,1.24200068786935,"Bulgaria","Eastern"
"CH","20-44",836984.133660481,388.452941058202,12.9827459847739,2.82039620502059,10.1623497797533,6.7072368731274,18.1197294026578,0.161470430950215,5.26890759150943,4.45381756753231,14.9253862449163,1.55113406128679,0.336971286741819,1.21416277454498,0.801357708394526,2.16488326050014,0.019291934513028,0.629511048013097,0.532126881313019,1.78323407155179,3.34216699438729,0.726058656509957,2.61610833787733,1.72665364686284,4.66458803305674,0.04156756556157,1.35638246866047,1.146552670035,3.84226367401349,"Switzerland","Western"
"CH","45-64",691179.249831995,2086.92192014486,50.7617259817543,27.978183144848,22.7835428369064,26.3575224079918,75.4043885645086,-2.49265118709902,56.2824415175641,9.24244504179889,33.5839827976025,7.34422018515356,4.0478910719106,3.29632911324296,3.81341344005893,10.909527243886,-0.360637445019495,8.14295879560108,1.33719943763437,4.85893967531082,2.43237303186843,1.34064350346687,1.09172952840157,1.26298555559579,3.61318685843669,-0.119441516380546,2.69691170399214,0.442874501081351,1.60925919045747,"Switzerland","Western"
"CH","65-74",233934.600609686,2852.49884042497,93.4053940899972,74.6061208993837,18.7992731906135,32.8296463642552,147.373170495621,11.3041559622588,131.372279964534,11.6731911677892,25.0109539955893,39.9279943396838,31.8918709352714,8.03612340441235,14.03368560217,62.9975942470816,4.83218640286543,56.1576951943613,4.98993784475073,10.691429968207,3.27451120281898,2.61546542428282,0.659045778536154,1.1509083158598,5.16645855931933,0.396289590097595,4.60551563081307,0.409226850590063,0.876808559608849,"Switzerland","Western"
"CH","75-84",150025.964465155,5347.9976897963,241.820808803098,211.273630915373,30.5471778877244,83.5179441839233,381.673145630074,57.5772334373957,347.946329426791,21.6484580575745,38.1055284142471,161.185971818407,140.824711021567,20.3612607968399,55.668993351695,254.404727202218,38.3781791656261,231.924074387541,14.4298076234682,25.3992890831224,4.52170742826758,3.95051836537761,0.571189062889965,1.56166754415903,7.13674851352847,1.07661290780379,6.50610470701315,0.404795576087825,0.712519537675764,"Switzerland","Western"
"CH","85+",64905.4389105026,9184.04794147445,553.049409818762,495.727853080594,57.3215567381679,293.275970906978,790.73600466466,245.026496534175,734.851710285013,42.5646959581145,70.3528356459476,852.084846974621,763.769356469722,88.315490504899,451.85114811622,1218.28928043303,377.513041506489,1132.18818425724,65.5795518412663,108.392820119368,6.02184802761355,5.39770541529869,0.624142612314861,3.19331925068211,8.60988541984583,2.66795750736071,8.00139235953331,0.463463346765598,0.766032974721741,"Switzerland","Western"
"CY","20-44",219831.503426613,107.95504043046,5.77329120168177,4.26300740566816,1.51028379601361,3.42530360314266,8.18902139373792,1.93496618239997,6.71193032845785,0.92016054738619,2.09321041927458,2.62623468961039,1.93921587180123,0.687018817809155,1.5581495598906,3.72513550882923,0.880204225617702,3.05321586025476,0.418575378434496,0.952188556529321,5.34786627716628,3.94887296477298,1.3989933123933,3.17289826346655,7.58558503714605,1.79238150871372,6.21733853435163,0.852355335811227,1.93896497183282,"Cyprus","Southern"
"CY","45-64",145242.759851513,494.311273693659,35.612214459215,29.2936518120436,6.31856264717145,24.0074532903773,47.0825918029312,18.5135255043365,40.4692648124482,4.03333421826924,8.49500068014267,24.5190978852389,20.168751848279,4.35034603695987,16.529191069435,32.4164811045076,12.7466081774152,27.8631890868924,2.77696060195541,5.84882901483516,7.20441073356646,5.92615490906199,1.27825582450448,4.85674807919827,9.52488731464982,3.74531727063339,8.18700016895193,0.815950279290785,1.71855289009801,"Cyprus","Southern"
"CY","65-74",53546.5062821245,691.895579669657,57.8850487533816,49.3329489702754,8.55209978310625,42.7586715356837,72.9112541909938,34.513889152635,64.1734632900446,5.39601122065389,11.4749713383783,108.102381971287,92.1310322476524,15.9713497236349,79.8533359214845,136.164353668269,64.4559123442883,119.846219194823,10.0772423736173,21.4299160395624,8.36615386110988,7.13011477741037,1.23603908369951,6.17993130641168,10.5378985403845,4.98830895394845,9.27502143035571,0.779888089938398,1.65848311154943,"Cyprus","Southern"
"CY","75-84",29767.0673900629,1272.10790246609,118.279649049394,102.930794723558,15.3488543258361,90.7565911945206,146.569816639967,75.2223749966677,129.966057629537,9.51469313853307,20.5822676229923,397.350694643435,345.787488484403,51.563206159032,304.889259009834,492.389171964236,252.703344978415,436.610217346851,31.9638243628573,69.1444251235285,9.29792581431962,8.09135722873965,1.20656858557997,7.13434693854045,11.5218069438786,5.91320711480864,10.2165906978164,0.747947019280993,1.61796555017792,"Cyprus","Southern"
"CY","85+",8724.83009708738,1491.6613835101,153.04742853914,135.375220208036,17.6722083311043,118.344782769141,187.17881847361,102.942735066541,167.350923985883,10.8206463158213,23.8601811332059,1754.15941440776,1551.60866975769,202.550744650074,1356.41360865752,2145.35774783851,1179.88240368035,1918.09951739633,124.021284029743,273.474450134807,10.2601991464709,9.07546590027542,1.18473324619552,7.93375655342487,12.5483451232847,6.90121338559435,11.2190960921762,0.725409026166426,1.59957088096357,"Cyprus","Southern"
"CZ","20-44",1109433.96661956,880.891422123375,26.0102861171879,22.9996114700671,3.01067464712084,2.73650985222804,50.5898719355862,-1.0586815638492,48.0030389041906,-0.356749345665291,6.25590202885381,2.34446455578075,2.07309422300697,0.27137033277378,0.246658199997804,4.55997143207481,-0.095425378679815,4.32680451009228,-0.0321559783095794,0.563882323516336,2.9527232827958,2.61094737585557,0.341775906940228,0.310652344148354,5.74303150933632,-0.120182980247131,5.44937068276588,-0.0404986740369605,0.710178561368444,"Czechia","Eastern"
"CZ","45-64",818847.001452558,4685.31747252929,264.790355063605,245.070709700018,19.7196453635874,139.065135888871,388.62414339815,117.400781869792,367.485786332332,8.38495092038082,31.017847243249,32.3369756003126,29.928754610481,2.40822098983163,16.9830426981087,47.4599214149612,14.3373281774904,44.8784431866328,1.02399482510246,3.78799057555639,5.65149227594736,5.23061054318951,0.420881732757846,2.96810486598252,8.29451036512916,2.50571668959746,7.84334868420241,0.178962278853952,0.662022315992698,"Czechia","Eastern"
"CZ","65-74",360751.089564061,7641.93323295758,547.645535522526,511.793227898768,35.8523076237579,344.217241523226,742.494448151393,311.104148557629,704.859546644216,18.5059440464098,51.8244558246898,151.807035755405,141.868796160042,9.93823959536271,95.4168265823354,205.819045217199,86.237895756205,195.386671595638,5.12983732600024,14.3657101319681,7.16632190871127,6.69716958127223,0.46915232743904,4.50432149863218,9.71605515930468,4.07101369606216,9.2235763537471,0.242163121323786,0.678158971622325,"Czechia","Eastern"
"CZ","75-84",172866.183637525,9418.74787901569,789.697272734959,741.586407245905,48.1108654890532,539.700348204004,1024.48540830071,494.053626939577,970.845553925258,28.3607243671529,66.7686709193748,456.825768995304,428.994492526603,27.8312764687017,312.207012874002,592.646512315507,285.801199831851,561.616814518783,16.4061725494103,38.6244836985462,8.38431268018489,7.87351372785025,0.510798952334639,5.730064708563,10.877087076332,5.24542787731152,10.3075861717058,0.30110928471011,0.708891158113816,"Czechia","Eastern"
"CZ","85+",60983.1734731279,10389.576211091,997.982330366612,940.888099695866,57.0942306707458,710.438288714329,1262.24708374781,662.488312397251,1203.05513824868,35.9192590321862,77.9666596858902,1636.48802371095,1542.86509886283,93.6229248481211,1164.97428430382,2069.82846555865,1086.34607657664,1972.765715085,58.9002785301326,127.84946280345,9.6056115291907,9.05607775119313,0.549533777997577,6.83799102369477,12.1491681479784,6.37647098338849,11.5794437983371,0.345724005507,0.750431568158284,"Czechia","Eastern"
"DE","20-44",9651977.47191988,5839.35888213628,157.190893863612,54.0886163636934,103.102277499919,94.2776070697617,209.422254219064,20.6969490159577,87.3441889912278,39.8415094364265,154.117899968025,1.6285874508195,0.560388961961953,1.06819848885755,0.976769862383536,2.16973417963654,0.214432214291532,0.904935690591227,0.412780795980262,1.59674947870935,2.69192041517587,0.926276624804836,1.76564379037104,1.61451982953428,3.58639121941498,0.354438722361689,1.49578388234418,0.682292529721187,2.63929487943447,"Germany","Western"
"DE","45-64",7928775.78872004,41278.6040446168,1074.84437041424,737.393915368629,337.450455045613,790.504443894637,1350.49302291093,391.289467836377,1084.34583277264,176.641658390771,474.418820785296,13.5562462485493,9.30022408273532,4.25602216581393,9.97006933932041,17.032806310808,4.93505527540643,13.6760814237589,2.22785538521687,5.98350657689467,2.60387771168927,1.78638287906152,0.817494832627753,1.9150464561258,3.27165381235087,0.947923208385253,2.62689559850571,0.427925465211576,1.14930926509169,"Germany","Western"
"DE","65-74",2783065.67690054,49242.8849777317,1664.1152839067,1380.62775519169,283.487528715014,1104.54770521969,2254.96653594495,791.440904179166,2009.74286721498,212.671595609939,344.898010560049,59.7943231350546,49.608162920872,10.1861602141826,39.688165262769,81.0245534146458,28.4377372315763,72.2132748751081,7.64163050031892,12.392737024595,3.37940249572957,2.80371013155714,0.57569236417243,2.24306050654664,4.57927381176931,1.60721879828338,4.08128579006654,0.43188289172357,0.700401714310639,"Germany","Western"
"DE","75-84",2281586.38473622,99630.4758637091,4542.06408634448,3958.14532986306,583.918756481418,3221.90505324922,5983.17928985247,2638.93629881601,5410.76331077483,473.77077898665,682.272311201136,199.074824285893,173.482159445858,25.5926648400353,141.213371310581,262.237683827351,115.662344256192,237.149175984427,20.7649722209148,29.9034178922844,4.55891036047832,3.97282588038389,0.586084480094422,3.23385492773985,6.0053705836327,2.6487239732007,5.4308315441317,0.47552796960917,0.684802822917819,"Germany","Western"
"DE","85+",761280.122634316,113095.128447053,6684.7931839982,5978.23730609842,706.555877899779,5052.89962104528,8480.56359262217,4325.81245699862,7806.28567689072,576.659482909208,820.602101404258,878.09900524741,785.287455741188,92.8115495062224,663.737232959708,1113.98726178167,568.228741088061,1025.41567089366,75.7486588397644,107.792398225855,5.91077023014992,5.28602547977761,0.624744750372307,4.46783136500073,7.49861086774616,3.82493261769788,6.90240665896176,0.509888879236015,0.725585719448947,"Germany","Western"
"DK","20-44",387569.56154017,207.898865330648,8.18750367131024,8.11885565183233,0.0686480194779038,-0.579327088285693,15.7083498365471,-0.66270402226799,15.7166425880162,-0.25761667368239,0.364125477410971,2.11252494617321,2.09481250786792,0.0177124383052947,-0.149476931569005,4.05304012371958,-0.170989697858226,4.0551798045129,-0.0664697900058616,0.0939509996512537,3.93821469794394,3.90519478734042,0.0330199106035159,-0.278658128972622,7.55576506469344,-0.31876269320374,7.55975390390901,-0.123914420250765,0.175145485682116,"Denmark","Northern"
"DK","45-64",311061.541993796,1393.34127331498,84.2092788025376,82.2340288527283,1.97524994980933,49.7738811036604,114.043976286778,47.3424939871748,111.483320203604,-0.503191361956309,4.21830518420063,27.0715814828106,26.4365785386509,0.635002944159755,16.0012969731415,36.6628338417523,15.2196551472503,35.8396346552631,-0.161765854670117,1.35609987565894,6.04369370342346,5.90193016080552,0.141763542617948,3.57226776073607,8.18492773241759,3.39776728744564,8.00114963496113,-0.0361140067830717,0.302747450677652,"Denmark","Northern"
"DK","65-74",127956.070527188,2181.36282520429,163.963314604715,159.268742347222,4.69457225749246,117.41017813588,208.545627717409,112.830882495926,204.186008637994,1.23563931021785,8.16650162886566,128.140317164456,124.471423427605,3.66889373685084,91.7581929893138,162.982206985714,88.1793900289794,159.57508525913,0.965674629681054,6.38226978620011,7.51655399597996,7.30134118483045,0.215212811149507,5.38242317047299,9.56033656151987,5.17249497388672,9.36047897574632,0.0566452905468457,0.37437612553523,"Denmark","Northern"
"DK","75-84",66904.6337702113,3148.18029883776,274.74451095061,266.129571268638,8.61493968197269,217.483408316556,333.792456465177,208.042784641933,325.969806010264,3.45596520313064,13.6105521324584,410.650945186009,397.774498224859,12.8764469611497,325.064791571117,498.907829929405,310.954223823227,487.215589774887,5.16550948473972,20.3432129666904,8.72708945710766,8.45344122656784,0.273648230539819,6.90822594871224,10.6027109244158,6.60835037684271,10.3542292711318,0.10977659711569,0.432330770174856,"Denmark","Northern"
"DK","85+",24171.1289972789,3799.62504620068,381.394209221371,368.610513528283,12.7836956930888,310.908740898957,456.160399777278,298.009399171607,443.605654787579,6.19923521226193,18.7748989902752,1577.89157992706,1525.003294508,52.888285419055,1286.28141835641,1887.21180474702,1232.91468596753,1835.2707266488,25.6472720531996,77.6748946745052,10.0376801548546,9.70123391245838,0.336446242396246,8.1826163665765,12.005405644786,7.84312650716924,11.6749850154596,0.163153867470704,0.494125045550181,"Denmark","Northern"
"EE","20-44",193212.762786556,243.287452632747,9.17213296064363,8.90552824056774,0.266604720075892,0.947293970503105,17.0775883299816,0.483041463039214,16.9024094484306,-0.653995412039747,1.10748453781245,4.74716723075699,4.60918218451529,0.137985046241698,0.490285401875645,8.83874754632403,0.25000494588074,8.74808123679844,-0.338484581767624,0.57319429722968,3.77008056165122,3.66049631585851,0.10958424579271,0.389372308457307,7.01951051941875,0.198547626608753,6.94750562165058,-0.268815923288482,0.455216463417144,"Estonia","Northern"
"EE","45-64",143831.882961679,999.012455455392,65.0977167837904,62.627270772475,2.47044601131542,35.9424800950648,94.05094558333,33.4971342579228,90.4932561812578,-0.547254770075765,5.22977456374035,45.2595874039516,43.54199464187,1.71759276208156,24.9892300336782,65.3894975485985,23.2890883218483,62.915992141581,-0.380482239964536,3.63603288509664,6.51620672277966,6.26891791293301,0.247288809846649,3.59780099825489,9.41439168948675,3.35302468702989,9.05827106429891,-0.05477957427731,0.523494430442952,"Estonia","Northern"
"EE","65-74",53416.31850527,1116.47770278862,90.5113447412578,87.0198937689735,3.49145097228429,57.1900923819417,121.811417138246,53.9905967639736,118.715280904586,0.504469740003278,6.36153921721524,169.445119532766,162.90881925977,6.53630027299583,107.064833336089,228.041580825582,101.075098911294,222.245344169261,0.944411285014909,11.9093554090359,8.10686541389839,7.79414524370926,0.312720170189133,5.12236762445845,10.9103313782262,4.83579713496487,10.6330185195881,0.0451840407330363,0.569786499213201,"Estonia","Northern"
"EE","75-84",36986.4211391636,1816.73979487759,169.531326102901,162.903269355027,6.628056747874,113.637128234496,221.945371946802,108.541626545517,213.629177495656,2.2993961236371,10.8835078649562,458.36099001044,440.440746462313,17.9202435481269,307.240129578716,600.072580993223,293.463447401744,577.588128064252,6.21686568426148,29.4256852373101,9.33162396623361,8.96679149178888,0.364832474444728,6.25500297592988,12.2166846662681,5.97452793468589,11.7589309210926,0.126567168843903,0.599068061130323,"Estonia","Northern"
"EE","85+",12708.0934070683,1909.15887056442,202.661759193801,194.628139640177,8.03361955362377,144.221492544428,259.995025842044,136.56931995291,248.426798869633,3.64899684901219,12.5663797234161,1594.74559009048,1531.52902961765,63.2165604728356,1134.87907213691,2045.9011239045,1074.66411819849,1954.87073404306,28.7139599318857,98.8848548785977,10.6152380673216,10.1944444038142,0.420793663507361,7.55419021266633,13.6183022717842,7.15337639305709,13.0123690961449,0.1911311261348,0.658215506166915,"Estonia","Northern"
"EL","20-44",1371369.15524469,985.195635493753,50.1934458716853,34.5442656948799,15.6491801768054,36.6287027564665,62.8996683386214,20.1351693728639,48.5274029018431,8.90702764708324,23.0899541122764,3.66009733263465,2.51896183917862,1.14113549345604,2.67095862674051,4.58663286235269,1.46825304447446,3.5386097693866,0.649498905019049,1.68371543314728,5.0947694105983,3.50633564038956,1.58843377020874,3.71791159408753,6.38448507814367,2.04377370823132,4.92566157964377,0.904087201180025,2.34369228612186,"Greece","Southern"
"EL","45-64",1172077.12947945,5436.01709099271,332.800286718001,266.727716918895,66.0725697991064,249.406046110336,417.260396247338,181.202526866704,356.144883776028,40.8656618575642,92.1483214809231,28.394060283883,22.7568399903302,5.63722029355277,21.2789789884479,35.6000800418871,15.4599490348541,30.3857890251813,3.48660176277935,7.86196737085454,6.12213466490824,4.90667546577168,1.21545919913656,4.58802910174056,7.67584776248631,3.33336933702711,6.55157770504708,0.751757420433374,1.69514407218494,"Greece","Southern"
"EL","65-74",430814.227113073,6772.66403318756,479.47103447456,403.794707408766,75.6763270657937,352.909526504643,602.775947426972,280.162110933304,520.951631995701,48.4918228065781,101.488872576619,111.294150540835,93.7282666161313,17.5658839247042,81.916869103772,139.91551566582,65.0308400469263,120.922569221227,11.2558545551122,23.5574561352595,7.07950419694592,5.96212517600286,1.11737902094306,5.21079334181214,8.90013064981867,4.1366603977467,7.69197511411938,0.715993330969281,1.49850741273008,"Greece","Southern"
"EL","75-84",306698.066205412,13916.8832400712,1119.00189645389,965.322380721458,153.67951573243,840.110369141923,1368.30001917439,696.81367834274,1203.88241543143,98.1629523532142,204.441365744795,364.854565370632,314.746810328739,50.1077550418927,273.92098670073,446.139108766981,227.198588815375,392.530161773217,32.0063812490651,66.6588375578049,8.04060706086777,6.93634030026194,1.10426676060583,6.03662727242673,9.83194293988624,5.00696647605973,8.65051746618859,0.705351555085059,1.4690168927777,"Greece","Southern"
"EL","85+",120105.08252938,18276.5267624268,1657.13136127722,1461.49347509527,195.637886181947,1261.69673841543,2003.71976280358,1082.80309816135,1792.58722704189,125.202713762708,259.715063565898,1379.73458439768,1216.84565242089,162.888931976788,1050.49404391925,1668.30555427448,901.546441963834,1492.51571148406,104.244309338101,216.23986104199,9.06699277613285,7.99656025509092,1.07043252104192,6.90337258723168,10.9633509082419,5.92455619296001,9.80813942574212,0.685046537507896,1.42103074036926,"Greece","Southern"
"ES","20-44",7228127.27398891,3647.07095704935,135.210343343006,73.4439251382258,61.7664182047806,94.6589764304758,174.698737742427,31.8250317476862,114.03876068177,29.4113752986675,89.532026147512,1.8706137595221,1.01608511242629,0.854528647095808,1.30959199862342,2.41692946347384,0.440294291195059,1.57770825497427,0.406901735177064,1.23866145065958,3.70736804782098,2.01377834440724,1.69358970341374,2.5954794284304,4.79011074365731,0.872618935098377,3.12685884165063,0.806438252642682,2.45490222707231,"Spain","Southern"
"ES","45-64",6247037.86410752,23126.6019495861,953.495664839001,697.637602501755,255.858062337247,687.996866020822,1218.08435745316,388.783102182715,988.139429877017,135.753418828263,363.80520571555,15.2631644882021,11.167494381778,4.0956701064241,11.0131694570593,19.4985909154111,6.22347920150245,15.8177275593989,2.17308461676272,5.82364335913185,4.12293888621223,3.01660228347658,1.10633660273565,2.9749154999969,5.26702695064529,1.68110776944329,4.27273938484811,0.587001147527826,1.57310272606677,"Spain","Southern"
"ES","65-74",2132640.78476221,27275.8086362482,1310.22793451332,1071.83279490342,238.395139609897,922.207522612947,1719.53710690817,635.167220063755,1513.90717391034,164.181715896047,309.274154726155,61.4368788159238,50.2584777784289,11.1784010374949,43.2425155329558,80.6294768061423,29.7831320024473,70.9874435829636,7.69851711873522,14.5019337966305,4.80362636351721,3.92960960093778,0.874016762579431,3.38104558112854,6.30425711604016,2.32868337116741,5.55036587219062,0.601931616714227,1.13387712478355,"Spain","Southern"
"ES","75-84",1435153.75155729,54735.5289082564,3163.63029473477,2705.69210310699,457.93819162778,2282.44017790159,4046.69349506553,1746.17051231861,3631.46076284175,327.943770007335,589.462184124254,220.438422803265,188.52977251887,31.9086502843943,159.03802470118,281.969335388244,121.671319914249,253.036356481056,22.8507760685211,41.0731033859353,5.77984785720698,4.94320993525442,0.836637921952561,4.16994267421302,7.3931751017667,3.19019574149984,6.63455864093052,0.599142415444656,1.07692790383421,"Spain","Southern"
"ES","85+",671918.183522173,92128.5613416856,6294.50434128932,5546.06342474159,748.440916547722,4638.60305610085,7932.42292829231,3760.36691200668,7212.18520599614,530.311612907421,976.74129802457,936.796249253701,825.407551209481,111.38869804422,690.352362810818,1180.56381309861,559.646546889826,1073.37252999913,78.9250277656641,145.366105870885,6.83230504158674,6.01991754128495,0.812387500301792,5.03492401112966,8.61016693712671,4.0816516151384,7.82839230414947,0.575621289624404,1.06019380287731,"Spain","Southern"
"FI","20-44",611995.553135733,462.665197412076,19.0799611706914,18.8327935264439,0.247167644247531,1.13093730341507,36.0945836433401,0.756641075406511,35.6218689932541,-0.716868072689358,1.07640892780498,3.11766336747544,3.07727620404246,0.0403871634329853,0.184795019771041,5.89785063933868,0.123635060995075,5.82060912219629,-0.117136157120143,0.175885089734671,4.12392401188062,4.07050144073628,0.0534225711443321,0.244439674680737,7.80144775211874,0.163539656675884,7.69927567331745,-0.15494315904874,0.232653965291941,"Finland","Northern"
"FI","45-64",489505.997308919,2100.0735930387,141.728263947235,138.257101083368,3.4711628638668,78.4018660694406,206.342097689526,74.5957301881962,203.199043333488,-0.78846679866845,7.2722687451493,28.9533253374611,28.2442098449136,0.709115492547523,16.0165281938236,42.1531296498718,15.23898187117,41.5110426533248,-0.161073981320572,1.48563424863616,6.74872844537613,6.58344076805982,0.165287677316308,3.7332913631849,9.82546984893801,3.55205314877847,9.67580583875967,-0.0375447223031636,0.346286376308685,"Finland","Northern"
"FI","65-74",208787.367286317,3084.16506484852,254.08361568211,246.975936902206,7.10767877990321,173.146749271351,340.737148942153,166.900100724816,334.66903418158,0.831698380906105,12.9980651617358,121.69491812868,118.290651447087,3.40426668159296,82.9297057201307,163.198163457318,79.9378347905217,160.291802387947,0.398347079957942,6.22550364549172,8.23832740270627,8.00787025691624,0.230457145790032,5.61405585079652,11.0479543661807,5.41151647903167,10.8512037178535,0.0269667272476856,0.421445184950703,"Finland","Northern"
"FI","75-84",108325.864513301,4468.87784209994,421.722310236902,408.963831289027,12.7584789478742,297.937319647174,539.270096311675,287.830263103188,524.903452509296,4.35458043326748,20.341733284765,389.30897263702,377.531103145558,11.7778694914617,275.038026223729,497.822102537165,265.707792313853,484.559670829902,4.01988985071317,18.7782792005942,9.43687263643646,9.15137637991138,0.285496256525082,6.66693810335106,12.0672373550106,6.44077267880599,11.7457552221352,0.0974423689151737,0.455186603964237,"Finland","Northern"
"FI","85+",41987.0791809131,6137.70034544836,660.589171297208,639.295585045632,21.2935862515759,485.296588723616,828.477715998309,464.534927203203,809.039631891169,8.80842321831855,32.4090051424118,1573.31537269091,1522.60075603508,50.7146166558205,1155.82364429919,1973.17301455665,1106.37590483878,1926.87761967246,20.9788901494314,77.1880439760253,10.7628123583305,10.4158813409606,0.346931017369835,7.90681462778654,13.4981779717007,7.56855012558077,13.1814781816636,0.143513412557698,0.528031727167095,"Finland","Northern"
"FR","20-44",7575270.72884814,5063.13116678625,106.946706838012,58.1164654754819,48.8302413625302,37.2930394312628,178.494194304017,-19.3132075924268,136.029275684778,16.8251943771032,76.9466499916014,1.41178725706446,0.767186646599479,0.644600610464983,0.492299757541912,2.356274787966,-0.254950724320363,1.79570183764854,0.222106839205488,1.01576105654644,2.11226419610802,1.1478364585283,0.964427737579719,0.736560800081623,3.52537172007167,-0.381447901628935,2.68666307871144,0.33230808807552,1.51974435298784,"France","Western"
"FR","45-64",6142308.84279126,26942.6965989959,883.44627277992,761.761626576384,121.684646203536,462.058626434658,1278.24857069809,323.45478562794,1187.15840472921,80.9225641825688,162.334744340142,14.3829673074279,12.4018776338543,1.9810896735736,7.52255606581782,20.8105551741877,5.26601305643486,19.3275596378141,1.31746166227934,2.64289452866998,3.27898237481115,2.82733995751848,0.451642417292671,1.71496800528822,4.74432307100887,1.20052862726441,4.40623454436795,0.300350649331754,0.602518547999357,"France","Western"
"FR","65-74",2224306.97509053,29025.348357027,1351.3708628292,1234.74864631679,116.622216512411,892.995857710817,1809.48401303419,772.055196615722,1693.18418446821,90.5411904702384,141.971802581691,60.7546924935665,55.5116114881822,5.24308100538434,40.1471499982357,81.3504625619647,34.7099211242773,76.1218754169171,4.07053484452402,6.38274321717273,4.65582995320722,4.25403557996527,0.401794373241955,3.07660685662235,6.23415089037551,2.65993429990585,5.83346722885514,0.311938342157118,0.489130400212129,"France","Western"
"FR","75-84",1340025.59834186,45560.1504975987,2685.48311401168,2487.43761032713,198.045503684547,2030.92530878453,3375.7871140103,1825.76226909921,3184.53139034815,160.539135175623,235.310256120241,200.405359221099,185.626126351995,14.779232869104,151.558694945647,251.919599012696,136.248312820173,237.647056465837,11.9803036131752,17.5601314192365,5.89436840019486,5.45967821256042,0.434690187634445,4.45767910466312,7.40951703877322,4.00736663324991,6.98972974313594,0.352367438259635,0.516482613753972,"France","Western"
"FR","85+",680286.871271179,86601.3222329967,6400.90996051113,5989.14110318688,411.768857324249,5069.86392043393,7763.21561295978,4643.92463630634,7359.50467221602,335.92123701622,483.569656278859,940.913345652318,880.384637145153,60.5287085071657,745.253823722987,1141.16793088385,682.642107678594,1081.82371040971,49.3793502715289,71.0831969129824,7.39123814217269,6.91576173291371,0.475476409258978,5.85425694401491,8.96431533928919,5.36241770513859,8.49814354152195,0.387893889324739,0.558385996668548,"France","Western"
"HR","20-44",452789.008002943,326.442864349279,16.9095457572845,10.7701349897689,6.13941076751562,7.85049445400511,26.0223617589495,1.94874335612016,19.6133953410319,3.94685543242618,8.09131398852889,3.73453097544599,2.37862112361591,1.35590985183008,1.73380853228532,5.74712753600688,0.430386630787533,4.33168539747422,0.871676512164918,1.78699434957933,5.17994038282672,3.29924043867149,1.88069994415523,2.40486017963788,7.97149045080881,0.596963073463016,6.00821689888324,1.20904938151849,2.478630986362,"Croatia","Southern"
"HR","45-64",380580.970148978,2297.6513541332,163.875221205985,121.608794433863,42.2664267721223,106.008435446887,223.944811902026,68.0658042554105,177.055844084579,28.2379150800353,55.2319711208432,43.059226303889,31.9534616736772,11.1057646302118,27.8543710173922,58.8428821899221,17.8847103754994,46.522516355789,7.41968655684007,14.5125414702744,7.13229276109244,5.29274357552562,1.83954918556682,4.61377376755575,9.74668378207927,2.96240785761374,7.70594911042862,1.2289904222953,2.40384473569009,"Croatia","Southern"
"HR","65-74",144742.62211514,3023.32386301857,248.035145751424,193.19046510825,54.8446806431739,170.932801486774,323.417094624138,118.363234005556,263.474344010809,36.4911662693785,71.1225956182279,171.362893753656,133.471718478729,37.8911752749276,118.094310431104,223.442887725818,81.7749687520519,182.029550218608,25.2110717189788,49.1372856031661,8.20405477512351,6.39000232397739,1.81405245114612,5.65380386724795,10.6974015777863,3.91500346533762,8.71472445389124,1.20698833213801,2.35246367377979,"Croatia","Southern"
"HR","75-84",95965.6020118152,5618.2654165536,513.519021608832,411.924996527405,101.594025081427,368.731448956041,647.666615802101,272.681018105828,536.859048691011,70.2333555104887,129.66503748288,535.107383107552,429.242340892823,105.865042214729,384.232934745351,674.894547863474,284.14453969898,559.428625920476,73.1859687618503,135.11616117087,9.14017020441585,7.33188922178211,1.80828098263374,6.56308347180635,11.5278750251603,4.85347341018107,9.55560139806166,1.25008966830855,2.30791939983533,"Croatia","Southern"
"HR","85+",27452.4468483324,4935.34457421429,492.326293796052,404.045733152257,88.2805606437951,366.565034156697,606.389764641988,283.835715748827,513.729858524878,61.1198724700363,112.553296481333,1793.37855206869,1471.80226004809,321.576292020605,1335.27272152414,2208.87328547481,1033.91773169417,1871.34451571148,222.639070417685,409.993677806427,9.97552017681422,8.18677859420954,1.78874158260468,7.42734430483113,12.2866753379327,5.7510820466677,10.4091994145447,1.23841145336375,2.28055599338272,"Croatia","Southern"
"HU","20-44",1217594.10231647,1066.41248311725,53.4105310142261,46.7402969722859,6.67023404194021,25.5365569353891,82.6855732263023,20.4673408126486,74.5061867559247,0.894058928952973,12.8734609338301,4.38656288763331,3.83874206382593,0.547820823807385,2.09729637214947,6.79089797404515,1.68096583037891,6.11913170523551,0.073428322891186,1.05728673531995,5.00843077700113,4.38294728468094,0.62548349232019,2.39462284431844,7.75362015498945,1.91927055775081,6.98661989947216,0.0838380029404322,1.20717462873273,"Hungary","Eastern"
"HU","45-64",916355.082233468,8347.43357743156,598.563164752257,543.867677655344,54.6954870969137,409.313420408595,792.477396261938,355.169269342632,731.295914245293,20.2471160968983,92.0584496651444,65.3200027322767,59.3511934620097,5.96880927026697,44.6675560974639,86.4814755357063,38.7589130271384,79.8048625935349,2.20952734256128,10.0461547548541,7.17062506936929,6.51538790468204,0.655237164687246,4.90346423977821,9.49366519554597,4.25483193185126,8.76072756328905,0.24255498302663,1.10283536623804,"Hungary","Eastern"
"HU","65-74",382419.973112751,10038.9504435775,847.371371256038,780.651520696988,66.7198505590499,631.51624945797,1051.77906189103,558.501232684255,986.528625139009,27.5246079626095,106.634942139126,221.581358410431,204.134610005536,17.4467484048953,165.136837471556,275.032460603444,146.043949571533,257.969953062087,7.19748179954352,27.8842502056467,8.44083628083007,7.77622645997241,0.664609820857664,6.29066009447223,10.476982308085,5.56334285962695,9.82700961304329,0.274178143594868,1.06221205830683,"Hungary","Eastern"
"HU","75-84",215333.972921854,13219.740216879,1259.24549382874,1167.71749089013,91.5280029386079,973.431320419636,1534.4294589804,888.503073164887,1440.24054288534,43.22751901804,140.150518144172,584.787192072904,542.282053800169,42.5051382727351,452.056546029967,712.581223556979,412.616300674177,668.840370770485,20.0746396081809,65.085186625444,9.52549349056747,8.83313493104189,0.692358559525586,7.36346784770217,11.6071075059496,6.72103277816645,10.8946206147564,0.326992197341723,1.06016090970704,"Hungary","Eastern"
"HU","85+",74592.3193712669,12575.4551384494,1337.84357464101,1248.86392726198,88.9796473790332,1067.11906716591,1597.69934066755,988.989310529926,1512.57917002987,46.0659481917322,133.167818634492,1793.54065662202,1674.25270830638,119.287948315639,1430.60180479784,2141.90864975702,1325.85944352722,2027.7947954686,61.756959134692,178.527521006121,10.6385300564634,9.93096403678924,0.707566019674134,8.48572918767127,12.7049027099034,7.86444148256783,12.0280272433652,0.366316349464646,1.05895028981759,"Hungary","Eastern"
"IE","20-44",562397.261995365,313.126017687024,35.7022773994056,35.7159153519921,-0.0136379525864562,23.1234735778852,47.0491316083062,23.0531738796228,47.126662456385,-0.191634174221049,0.139487378342455,6.34823101249377,6.3506559803071,-0.00242496781333345,4.11159071006924,8.36581804139259,4.09909070286562,8.37960382118172,-0.0340745211918596,0.0248022861717993,11.4018878607177,11.4062432805219,-0.00435541980420407,7.38471805974218,15.0256219383637,7.36226713126883,15.0503822085743,-0.0612003357742669,0.0445467225536892,"Ireland","Northern"
"IE","45-64",336974.27829776,1262.76467541062,144.108468993268,143.828579887111,0.279889106156725,115.705573041851,169.622616082473,115.87700055073,169.598421617064,-0.509887143965747,0.99336691871588,42.7654210645507,42.6823615777642,0.0830594867865279,34.3366186957482,50.3369624943867,34.3874912756213,50.3297825797856,-0.151313372207951,0.294790131678274,11.4121397121286,11.3899749246898,0.0221647874387769,9.16287692354288,13.4326386685877,9.17645249405234,13.4307226769639,-0.0403786353779608,0.0786660363612768,"Ireland","Northern"
"IE","65-74",108342.725946973,1602.13753367245,191.660855921395,190.90959055989,0.751265361504959,162.534443122278,219.200015265161,162.134099328931,218.692168370289,-0.22801202999533,1.71198594125036,176.902375536685,176.208959938232,0.693415598452506,150.018786865146,202.320934192155,149.649270785641,201.852193083388,-0.210454396455677,1.58015771366901,11.9628216612631,11.9159302211891,0.0468914400739925,10.1448495966331,13.6817227396643,10.11986149262,13.6500246560605,-0.0142317388615618,0.106856365653335,"Ireland","Northern"
"IE","75-84",60874.616596523,2689.81937960129,333.984293437387,332.366380261474,1.61791317591279,289.508901297584,381.472106915888,288.346130511839,378.856478331776,-0.32431078583183,3.48915605365709,548.6429518744,545.985172217837,2.65777965656247,475.582299296353,626.652171699553,473.672191519493,622.355424171026,-0.532752079543043,5.7317092882625,12.4166067049042,12.356457194934,0.0601495099701678,10.7631353797628,14.1820714732315,10.7199067974066,14.0848296805689,-0.0120569726090643,0.129717113354068,"Ireland","Northern"
"IE","85+",21727.0958666335,3224.05643899061,434.117144804826,430.937599204392,3.17954560043355,375.951198268719,496.634837688236,373.881445891659,493.529744457666,0.543696789251492,5.73227609447687,1998.04496408332,1983.4109530772,14.6340110061208,1730.33340754054,2285.78564174756,1720.80727303198,2271.49430134188,2.50239052926744,26.3830754448872,13.4649362695629,13.3663168545309,0.0986194150319839,11.6608131831099,15.4040367185297,11.5966160322154,15.3077265797549,0.0168637491166784,0.177797014504856,"Ireland","Northern"
"IT","20-44",6307823.55783009,3237.586701725,160.296861160108,97.8831702160204,62.4136909440881,120.215078081315,196.576621502363,54.1184510745393,140.739747053308,39.5055527934921,83.587182302289,2.54123882335179,1.5517740678481,0.989464755503697,1.90580914287128,3.11639378781207,0.85795759152712,2.23119346574942,0.626294512383003,1.32513507291322,4.95112180547015,3.02333741869732,1.92778438677283,3.7131076062693,6.07170215387982,1.67156762306025,4.34705723798288,1.22021605699219,2.58177432770382,"Italy","Southern"
"IT","45-64",6211851.34984636,20868.3691985209,1247.14125301308,914.789869127909,332.351383885169,955.116873394141,1542.21534253229,607.019945019487,1232.91506820402,246.564359213127,415.137593001331,20.0768045269455,14.726525436745,5.35027909020053,15.375720048706,24.8269840290115,9.77196508468447,19.8477877007555,3.96925723631853,6.68299303413948,5.97622766373844,4.38361934478688,1.59260831895156,4.5768639815987,7.39020537666928,2.90880393788754,5.90805662136457,1.1815219333507,1.98931497258902,"Italy","Southern"
"IT","65-74",2305216.68863958,30658.4071180257,2108.90516890229,1648.4938166768,460.411352225495,1661.71600876752,2556.59494721723,1190.67312845596,2111.45159920568,346.119669853549,566.593844457314,91.4840318177143,71.5114472665758,19.9725845511385,72.085024239009,110.904756147935,51.6512453828641,91.5944956329357,15.0146262413973,24.5787672477631,6.87871734752442,5.37697151169854,1.50174583582588,5.42009897112532,8.33896861430246,3.88367576916905,6.88702316163142,1.12895516235104,1.84808637407709,"Italy","Southern"
"IT","75-84",1672741.046694,66534.2328545518,5097.13773109789,4124.37464045582,972.763090642065,4057.76573198531,6099.79331781319,3092.46994185163,5137.56754275478,751.574816854688,1183.08275399467,304.717681267632,246.563844930285,58.1538363373475,242.581823409251,364.658554285422,184.874398100266,307.134660975089,44.9307332022549,70.7271909380657,7.66092507933558,6.19887607252041,1.46204900681517,6.09876383613808,9.16790208004312,4.64793807514392,7.72169050778093,1.12960619610311,1.77815645155324,"Italy","Southern"
"IT","85+",689172.763677711,99654.9225140845,8530.05575781697,7099.17990915339,1430.87584866358,6817.81295823885,10114.743122724,5386.01192541739,8688.95530825003,1105.49721237188,1754.31171117362,1237.72386365025,1030.10163536778,207.622228282476,989.274869461785,1467.66437326216,781.518395572601,1260.78042635959,160.409300923689,254.553256256369,8.559592986098,7.12376240937826,1.43583057671973,6.8414211623869,10.1497676858807,5.40466219785197,8.71904276180838,1.10932524403462,1.7603864083339,"Italy","Southern"
"LT","20-44",422666.366507951,784.292677091161,47.5438866448754,43.3184647011382,4.22542194373719,12.4042778752606,81.6517224069002,9.55565655822701,76.4080352194574,-2.50041814646445,10.4540517537787,11.2485616108234,10.248855393684,0.9997062171394,2.93476814295496,19.3182445723095,2.26080363033742,18.0776236942478,-0.59158200050853,2.47335784963198,6.06200823157108,5.52325247531326,0.53875575625782,1.58158787370889,10.4108740004734,1.21837890845388,9.74228594137138,-0.318811869535513,1.33292736999042,"Lithuania","Northern"
"LT","45-64",364985.742186881,3432.31647084047,284.092785924251,263.686718178279,20.4060677459717,143.808972077496,423.464312007265,123.366175228043,397.26643092685,-6.28533716706892,45.8860393852757,77.8366804747099,72.2457585872671,5.59092188744274,39.4012574890836,116.022151843521,33.8002724404716,108.844369795531,-1.72207745141198,12.5720087339141,8.2769985908288,7.68247101974573,0.59452757108306,4.18985176044332,12.3375660608467,3.5942540927129,11.5742949201176,-0.183122308809998,1.33688253327175,"Lithuania","Northern"
"LT","65-74",124708.06547202,3244.35756543676,313.740261140881,293.040634101813,20.6996270390681,176.643618610966,444.792947113407,160.587698371564,415.636396888799,-3.34603594747235,41.5346220023787,251.57976747805,234.981300521867,16.5984669561828,141.645705065162,356.667345796654,128.770900072693,333.287502548946,-2.68309506270313,33.3054817626833,9.67033549209442,9.03231620409768,0.638019287996743,5.44464088954961,13.7097387739236,4.94975338360848,12.8110539145474,-0.103134006655703,1.28021098675624,"Lithuania","Northern"
"LT","75-84",91420.7437939798,5240.13492300507,562.725666737569,527.586945990248,35.1387207473209,339.265790980428,758.389508610377,311.677722945027,722.175184674022,-0.998815578052002,69.8519744426397,615.533896776965,577.097630248104,38.4362665288606,371.103730839224,829.559547578652,340.926697826267,789.946739332456,-1.09254807672848,76.4071386249644,10.7387629327464,10.0681939251994,0.670569007547038,6.4743712893917,14.4727095724372,5.94789499744959,13.781614314997,-0.0190608752012669,1.33301862392851,"Lithuania","Northern"
"LT","85+",29967.5419589167,5110.21307155118,604.803955075731,568.551274874322,36.2526802014087,387.594151558039,807.805900340576,352.723523256714,756.78199009332,2.42180288105405,68.1305542909706,2018.19674067654,1897.22358828684,120.973152389704,1293.37985774543,2695.60280068355,1177.01853472091,2525.33888542081,8.08141983875142,227.34782313602,11.8352003450249,11.1257841290313,0.7094162159936,7.5846964917333,15.8076755123514,6.90232517349117,14.8092061817611,0.0473914266811368,1.33322335755933,"Lithuania","Northern"
"LU","20-44",32288.0680964286,16.421548594939,0.475010891737643,0.10874205884938,0.366268832888264,0.210163250963482,0.731758717211705,-0.0244763256602983,0.250415867515928,0.136322615561973,0.586618726681029,1.47116541726504,0.336787133019605,1.13437828424543,0.650900668122439,2.26634407182957,-0.075806101458903,0.775567825142275,0.422207408491719,1.81682820083595,2.89260716790156,0.662191255719289,2.23041591218228,1.27980165663702,4.45608837060123,-0.149050045547116,1.52492236690214,0.830144701480752,3.57224973813871,"Luxembourg","Western"
"LU","45-64",24751.7525089286,92.4616683009648,1.70361760058796,1.31872581803915,0.38489178254881,-1.00415161102216,4.29224018490234,-1.39882625537841,3.92721575478048,0.18065261208474,0.567372268654005,6.88281607523923,5.32780786961835,1.55500820562087,-4.05689096422542,17.3411566851843,-5.65142308559289,15.8664149270394,0.729857863678842,2.29225089596924,1.84251228848981,1.42624056246387,0.416271726025944,-1.08601935209911,4.6421833650362,-1.5128715294485,4.24739876204408,0.195381086459215,0.613629711727887,"Luxembourg","Western"
"LU","65-74",6960.20844642857,106.379581457494,3.72422425428641,3.22741626107051,0.496807993215897,0.858906688510343,6.7816032373984,0.371999901028699,6.36268498972193,0.242855022023791,0.702782947025295,53.5073666679823,46.3695345608014,7.13783210718092,12.3402437602435,97.4339100559291,5.34466609573425,91.4151499727965,3.48919179494409,10.0971537337493,3.5008825972628,3.03386816986124,0.467014427401566,0.807398070891581,6.37491062145994,0.349691074106491,5.9811148930533,0.228291011015896,0.66063706718578,"Luxembourg","Western"
"LU","75-84",4327.32060714286,179.81727962387,8.64670097767894,7.73480999188884,0.911890985790101,3.68085901689613,13.3538704966473,2.66193926826218,12.5101805233594,0.546481606600102,1.2567562999155,199.816509167505,178.74363131591,21.0728778515947,85.0609268659306,308.59443311422,61.5147226176925,289.097611642398,12.6286368913377,29.0423662587201,4.80860404281811,4.30148315449329,0.507120888324824,2.04699961238182,7.42635553411781,1.48035787986019,6.95716259834837,0.303909394994295,0.698907414540085,"Luxembourg","Western"
"LU","85+",1746.56916071428,248.209829739056,15.5008811050722,14.132555119351,1.36832598572114,9.19029763394343,22.66623930098,7.67211665922874,21.4617153180981,0.794974869686202,1.84504433317546,887.504569171075,809.160921722179,78.3436474488962,526.191452400599,1297.75790222417,439.267841881001,1228.79275558267,45.516369323794,105.638206300454,6.24507140646617,5.69379348682871,0.551277919637457,3.70263242338357,9.13188624512136,3.09098018692268,8.64660168401103,0.320283395110485,0.743340557912295,"Luxembourg","Western"
"LV","20-44",354795.014639927,724.930620222702,45.5046398617049,41.6373339723328,3.86730588937213,13.5456696549007,76.0459256524354,12.2249321862912,70.863191813887,-2.33533213275588,9.31687885400338,12.8256142234373,11.7356028845528,1.0900113388845,3.81788613029073,21.43376386774,3.44563245870238,19.9729953606604,-0.658220109187823,2.62598922463971,6.27710274504968,5.7436301917474,0.533472553302283,1.86854704119678,10.4900970563326,1.68635892115243,9.77516880058363,-0.322145605056448,1.28520972822767,"Latvia","Northern"
"LV","45-64",299286.435216036,2921.98431768445,246.208041916723,228.743848579967,17.464193336756,131.622213580926,353.073777039118,119.391726000423,331.22162487263,-4.56717165540058,37.4639352226119,82.2650187065783,76.4297414331029,5.8352772734754,43.9786766433022,117.971860897824,39.8921273910197,110.670443394316,-1.52602026620546,12.5177524987289,8.42605623947472,7.82837358830308,0.597682651171641,4.50454893903166,12.0833563309099,4.08598106697012,11.3355031670776,-0.156303770275532,1.28214018794942,"Latvia","Northern"
"LV","65-74",112566.042669279,2963.94016718999,290.441744518025,271.417886263715,19.02385825431,174.339266991838,396.198877282149,156.743896310673,373.5584626825,-1.69980040894145,38.2611778994745,258.018970580095,241.118795533343,16.9001750467523,154.877317224387,351.970157151378,139.246163935237,331.857151432445,-1.51004722972761,33.9899822292647,9.79917704591799,9.15733351395676,0.641843531961237,5.88201033616423,13.3673034856764,5.28836236459107,12.6034414195566,-0.0573493496177075,1.29088901061551,"Latvia","Northern"
"LV","75-84",81714.210716398,4783.25631533448,519.969051309602,487.457414768019,32.511636541583,342.156065065996,684.557307940471,309.347492115517,649.593108269343,0.609151082956177,63.8409983095876,636.326346116512,596.539341804104,39.7870043124074,418.722841555066,837.745726158128,378.572453191962,794.957330645778,0.745465296202066,78.1271675390194,10.8706081596056,10.1909114342315,0.679696725374198,7.15320364432676,14.3115330396549,6.46729908919558,13.5805623919177,0.0127350708972739,1.33467650698379,"Latvia","Northern"
"LV","85+",26072.235105252,4408.40477396873,527.168251233831,495.410890664697,31.7573605691332,364.990636290423,681.418039031911,332.913147366485,647.003176844255,2.76252409094313,58.5894226628845,2021.95266000665,1900.14737388166,121.805286124994,1399.92077709095,2613.57737946543,1276.88763937014,2481.57925176857,10.5956550322249,224.719600856477,11.9582542498528,11.2378721117003,0.720382138152509,8.27942657275173,15.4572475525757,7.55178266143595,14.6765828007618,0.0626649373772482,1.32903908935155,"Latvia","Northern"
"MT","20-44",77603.8923219637,41.5408446646417,2.21164898513654,1.50272935586122,0.708919629275321,1.20150332737942,3.2577516645884,0.543511494856408,2.48009459432959,0.367814843389053,1.05351744773903,2.84992017663345,1.93640977391531,0.913510402718138,1.5482513717155,4.19792302565522,0.700366281373468,3.19583788921328,0.473964426762333,1.35755748354501,5.32403470124677,3.6174742425021,1.70656045874467,2.89234207219215,7.84228556469701,1.30837853501575,5.97025557460697,0.885429380067773,2.53610020750433,"Malta","Southern"
"MT","45-64",53698.0304070929,204.607012018699,14.4224248841851,11.2154622445789,3.20696263960625,8.95941914207179,20.2567280463987,6.07827211827522,16.3946285729341,1.59329338785822,4.75666614681374,26.8583871230407,20.8861706091504,5.97221651389033,16.6848189293892,37.7234097653663,11.319357660225,30.5311543992284,2.96713562076527,8.85817619520257,7.04884194431572,5.48146524106121,1.56737670325452,4.37884266706021,9.900309792192,2.97070567538503,8.01274033141927,0.778709083397695,2.324781589782,"Malta","Southern"
"MT","65-74",23838.6247680891,328.190359062907,27.021483680022,21.96776179546,5.05372188456203,17.7472856669129,35.6680853888778,13.7140087857852,30.1954153920785,2.63179995223088,7.40130854549824,113.351688458948,92.1519676959995,21.1997207629488,74.4476069385923,149.623083277119,57.5285232231312,126.665928449442,11.0400661860069,31.0475483275604,8.23347881308195,6.69360363241178,1.53987518067018,5.40761944305351,10.8681088288889,4.17867509117066,9.20057965087596,0.801912633797515,2.25518768029367,"Malta","Southern"
"MT","75-84",11522.001971243,487.080232537471,44.7992181590895,37.3558295522264,7.44338860686314,30.6087782251696,58.0241802231591,24.6323936536378,49.2841701611267,4.14678723404471,10.7154935632137,388.814533020397,324.213011293178,64.6015217272187,265.655033748162,503.594604201402,213.785709420256,427.739643545728,35.9901625116398,93.0002753858033,9.1975028273485,7.66933803854432,1.52816478880418,6.28413476476174,11.9126534700205,5.05715321792345,10.1182858323727,0.851356092289312,2.19994424889525,"Malta","Southern"
"MT","85+",3698.04307299843,546.144491171607,55.9116707117175,47.6163326860238,8.29533802569372,39.3385166031805,69.7776809654517,32.2307301571425,60.7264362240572,4.13844337595924,11.7861462160821,1511.92589183077,1287.60892575045,224.316966080326,1063.76577629433,1886.88123929489,871.561783378833,1642.12355089794,111.909009556336,318.713059405383,10.2375235153932,8.71863278962601,1.51889072576715,7.2029503618704,12.7764139515099,5.90150238227252,11.1191153999896,0.757756132828753,2.15806373708871,"Malta","Southern"
"NL","20-44",2280007.00217354,1188.79849693316,41.6011426321993,11.8735896049209,29.7275530272784,24.6142509116943,56.0932444532109,4.91340153597596,18.6665511118975,12.9079916570292,44.6914370521106,1.82460591535643,0.520769874548709,1.30383604080772,1.07956909291197,2.46022246421774,0.215499405540948,0.818705867749642,0.566138246273978,1.96014472804277,3.49942759345012,0.998789082889335,2.50063851056078,2.07051497585113,4.71848211432965,0.413308188784849,1.57020312189602,1.08580147857933,3.75937866403808,"Netherlands","Western"
"NL","45-64",2046497.7979842,7973.78806847383,215.717623909065,111.564633820061,104.152990089004,153.965714502886,275.140172844502,57.3341146007376,167.12648276123,32.050731761914,164.429790677885,10.5408187646987,5.45149053812579,5.08932822657294,7.5233755274275,13.4444402097825,2.8015722595554,8.16646286772697,1.56612588557309,8.03469179589875,2.70533430355333,1.39914220019413,1.30619210335921,1.93089800206284,3.45055788392886,0.719032335803116,2.09594839148036,0.401951136482217,2.06212893126663,"Netherlands","Western"
"NL","65-74",758211.670322109,11475.6405115864,292.622773507905,242.047284951737,50.5754885561675,48.1577153261572,514.881978472805,-13.0101054929955,475.002405502536,32.8629648213063,67.0410381925755,38.5938102724785,31.9234449199271,6.67036535255144,6.35148695425625,67.9074193429479,-1.71589359571166,62.6477307188826,4.3342731466195,8.84199502812911,2.54994719651995,2.10922679834171,0.440720398178245,0.419651654977643,4.48673847837037,-0.113371497476414,4.13922347099449,0.286371508310374,0.584203017904643,"Netherlands","Western"
"NL","75-84",408288.762070803,18187.0009195471,665.248210001093,599.323457768496,65.9247522325975,220.920580951216,1067.3174706438,144.730917094633,1002.58296019637,45.0577478881182,85.391180983955,162.935714083095,146.78911433388,16.146599749215,54.1089056261865,261.412404600721,35.4481755413917,245.557324456192,11.0357551012645,20.9144088489869,3.65782249060148,3.29533967925603,0.362482811345451,1.21471693946952,5.8685732483615,0.795793202710396,5.51263490133116,0.247746992961829,0.469517659133001,"Netherlands","Western"
"NL","85+",151319.56199621,23913.2207938356,1198.50980621525,1105.01427388479,93.4955323304645,605.489057391395,1735.14697666096,511.960349829955,1634.23652026161,65.8047875716877,119.198801750644,792.038907861277,730.252096495271,61.7868113660058,400.139314047552,1146.67723972425,338.330578727671,1079.99025288121,43.4872971502097,78.7728963646015,5.01191293530901,4.62093451740151,0.390978417907495,2.53202637407789,7.25601537166524,2.14090922441501,6.83402931939176,0.275181616642167,0.498464020293623,"Netherlands","Western"
"NO","20-44",420831.029858366,220.199568912683,10.8131584487189,10.6788985741859,0.13425987453302,0.699185370167244,19.8243061233432,0.781692936850424,19.6646786679534,-0.379943950428882,0.540681556051803,2.56947745805678,2.5375739469069,0.0319035111498803,0.16614396766383,4.71075199231749,0.185749833398338,4.67282050816731,-0.0902842051729776,0.128479488842297,4.91061744676108,4.84964554059615,0.0609719061649293,0.317523496353663,9.0028814412458,0.35499294603996,8.93038926690685,-0.17254527440948,0.245541605154642,"Norway","Northern"
"NO","45-64",255578.30568973,854.784419718813,62.5890973149505,61.2642102834217,1.32488703152883,32.4911321655706,91.7582952701627,31.3677958755249,90.2114230507815,-0.319675351541139,2.71842066919727,24.4892058213005,23.9708179135501,0.518387907750366,12.7127895608693,35.9022237910742,12.2732623142142,35.2969798462853,-0.125079220115506,1.0636351398688,7.3222084856834,7.1672118571809,0.154996628502501,3.80109082665063,10.7346710063278,3.66967332954473,10.5537046499347,-0.037398359652636,0.318024124736797,"Norway","Northern"
"NO","65-74",87522.7809828174,1215.9228893423,103.395698618885,100.992272955135,2.40342566374922,66.4301875791449,141.207984547416,64.2512972471314,139.021597699132,0.00296682029341364,4.45360092732171,118.135755580234,115.389698340324,2.74605723990999,75.9004533827445,161.338548617574,73.4109411579887,158.840471175641,0.00338976922362201,5.08850481818676,8.503474975688,8.30581230441044,0.197662671277556,5.46335529673906,11.6132351636045,5.2841588730915,11.4334222110359,0.000243997404721809,0.366273302884421,"Norway","Northern"
"NO","75-84",44298.9316774077,1801.72376848495,173.106021285683,168.695471327781,4.41054995790183,121.031479644422,223.174114626341,118.606509150076,220.126603012399,1.08259257255481,7.27862078417535,390.767936676826,380.811601860402,9.95633481642447,273.215346423686,503.791189032576,267.741240384279,496.911764408672,2.443834493433,16.430691460416,9.60780028068598,9.36300415627171,0.244796124414266,6.71753804670044,12.3866998110374,6.58294635530121,12.2175555910827,0.0600864900319956,0.40398094932698,"Norway","Northern"
"NO","85+",21320.1313640847,3178.9956212752,347.29676572428,337.862085887113,9.43467983716785,258.412562222745,438.71628443165,249.936669244812,428.404650326194,3.3412952043691,14.3677843990269,1628.96165972658,1584.70921270338,44.2524470231983,1212.05895878325,2057.75600975283,1172.30360815623,2009.39029413239,15.6720197793798,67.3906935828289,10.9247324343583,10.6279506529042,0.296781781454084,8.12874860516754,13.8004683459006,7.86212687970154,13.4761006734053,0.10510537296773,0.451959867540286,"Norway","Northern"
"PL","20-44",4628367.65307858,5267.46904051054,218.724992657545,190.597366543749,28.1276261137957,84.1452800547764,359.917176727432,57.3016664107195,334.775058408872,5.88315396279451,50.6064654776979,4.72574801857106,4.11802563733182,0.607722381239237,1.8180336213958,7.77633074347566,1.23805347167278,7.23311291371148,0.127110774332746,1.09339770024615,4.15237357781119,3.6183860802583,0.533987497552895,1.59745181998489,6.83282946628477,1.08784059232298,6.35552019070669,0.111688439315901,0.960735888308001,"Poland","Eastern"
"PL","45-64",3442053.08087458,27901.7698008333,1801.27155168879,1640.7952606904,160.476290998397,1164.24394322994,2437.04965020175,1005.00631172372,2292.45642752424,68.2195329265179,253.945375062378,52.3313124279628,47.6690865055891,4.66222592237371,33.8241135704427,70.8022099874918,29.1978737140325,66.60142576714,1.98194308232993,7.37772977626057,6.45576092321928,5.88061356825255,0.575147354966726,4.17265267235904,8.73439092787929,3.60194467554424,8.21616852224109,0.244498945455713,0.910140743311537,"Poland","Eastern"
"PL","65-74",1313715.65764696,30350.6837015879,2386.86328764964,2201.63318770976,185.230099939885,1701.32370398824,3049.96217665623,1539.34223852904,2857.71047175289,96.2592965989203,270.387564046511,181.687968302428,167.588258151172,14.0997101512558,129.504713907082,232.163037633205,117.174689177885,217.528843103798,7.3272550295498,20.5818939945354,7.86428177736492,7.25398218160921,0.61029959575571,5.60555314244612,10.0490723920551,5.07185358216,9.41563788101213,0.317156929792274,0.890878000327763,"Poland","Eastern"
"PL","75-84",733640.759121695,38427.2322593002,3464.42103122318,3214.90776978175,249.513261441432,2628.68162780082,4260.30342763662,2388.60565676832,4008.18415781024,146.789686105242,353.119334023545,472.223085774397,438.212807809451,34.0102779649465,358.306377490236,580.707025157244,325.582463497247,546.341531325057,20.0083875221132,48.1324585136594,9.01553619018376,8.36622254782264,0.649313642361128,6.84067384833478,11.0866777989339,6.21591906658909,10.4305824857843,0.38199390764011,0.91892991834738,"Poland","Eastern"
"PL","85+",279122.234009002,41440.5282855301,4244.81854159478,3960.72515740411,284.093384190666,3286.40030068365,5136.98747401797,3022.4146973441,4824.90537200663,177.839322522266,385.22430608413,1520.77406397438,1418.99306999541,101.780993978969,1177.40541607218,1840.40783861464,1082.82835585453,1728.5994392876,63.7137787155038,138.012762563267,10.2431574046245,9.55761261081001,0.685544793814475,7.9304015577214,12.3960472671186,7.29337878252737,11.6429629920798,0.429143473502395,0.929583482695708,"Poland","Eastern"
"PT","20-44",1348262.46769038,972.400435892988,49.3768850457023,35.2421039975763,14.134781048126,38.9279011825422,59.5351783642959,24.3795460917186,46.3800438114359,6.58358240503436,20.8241886126534,3.66226059309407,2.61389045843183,1.04837013466223,2.88726432096172,4.41569648276881,1.80821959195242,3.43998627291662,0.488301244216364,1.54452038172701,5.07783452404131,3.6242377827826,1.45359674125871,4.00327887006688,6.12249605890219,2.5071508806277,4.76964449001337,0.677044369996444,2.14152398991161,"Portugal","Southern"
"PT","45-64",1206565.65267353,5628.03764985846,318.933095241115,265.373687840013,53.5594074011016,258.308115027756,379.055677798461,196.092403743374,332.471380487577,30.2152871126736,76.7174864148304,26.4331322986377,21.9941357730509,4.43899652558681,21.4085420428962,31.4160839038094,16.2521122086369,27.5551835700679,2.50423895672168,6.35833501847485,5.66686143702567,4.71520811248815,0.951653324537525,4.58966572539281,6.73513045542604,3.48420561380405,5.9074121598305,0.536870735280769,1.36313029847552,"Portugal","Southern"
"PT","65-74",483495.763566412,6703.40799537695,428.948603905811,376.209929180196,52.7386747256152,340.097364822866,517.793897925395,280.893692191779,472.150305423331,36.2146114477019,68.9192158119482,88.7181721597218,77.8103879142925,10.9077842454293,70.3413329445132,107.093781775044,58.0964122870119,97.6534524192324,7.49016106792165,14.2543577431949,6.39896309760108,5.61221888089837,0.78674421670271,5.07349940593526,7.7243381020892,4.19031173972253,7.04343679735669,0.54024179152869,1.02812205164118,"Portugal","Southern"
"PT","75-84",308653.209181885,12871.0441200253,934.236135148976,837.593811791124,96.6423233578516,729.927724949269,1130.92657058973,633.933334096307,1038.50102616099,68.9690448279186,126.064563297511,302.681490863244,271.37051774425,31.3109731189937,236.487975253526,366.406872485584,205.38692462541,336.462086013501,22.3451572108152,40.8434318993984,7.25843316546053,6.50758247722855,0.750850688231978,5.67108400952193,8.78659540005918,4.92526735348538,8.06850645896894,0.535846541933716,0.979443175875486,"Portugal","Southern"
"PT","85+",110803.826332592,16826.1245927087,1410.67771185889,1283.67801703387,126.999694825018,1100.98753397948,1705.84764606472,966.494946010655,1579.71985550887,92.6443063306204,160.802891123941,1273.13086429395,1158.51415923196,114.616705061982,993.636745607254,1539.52052246318,872.25773513416,1425.69070743742,83.6111074833612,145.123951443039,8.38385395333506,7.62907709354614,0.75477685978892,6.54332212930703,10.1380899485549,5.74401396284364,9.38849493717294,0.550598005025864,0.955673959490481,"Portugal","Southern"
"RO","20-44",2621159.08761435,3213.45668282537,213.837781713947,188.11960209458,25.7181796193665,133.72920740878,294.868036001595,110.272225610043,264.126108864552,9.05674976806718,42.7236532045805,8.15813823450799,7.17696239741777,0.981175837090224,5.10191113697314,11.2495284011918,4.20700239566183,10.0766912665704,0.345524612026132,1.62995269560176,6.65444730768657,5.85411974276809,0.800327564918484,4.16153757800778,9.17603892336703,3.43157653872865,8.2193766692484,0.281838240312118,1.32952323374767,"Romania","Eastern"
"RO","45-64",2070311.2540113,19858.2285497394,1735.96537353213,1571.67686547318,164.288508058949,1319.19748939822,2138.00877431865,1161.14706974447,1961.93902776505,79.9070029162316,249.766842683476,83.8504534121928,75.9150037187888,7.93544969340405,63.7197661386532,103.269919929971,56.0856280665387,94.7654138460449,3.85966133166735,12.0642170204864,8.74179370624129,7.91448674052956,0.827306965711728,6.64307738272823,10.7663620093984,5.8471835331944,9.87972830935515,0.402387366607683,1.25774986453539,"Romania","Eastern"
"RO","65-74",729530.715012477,20316.1878482347,2035.87076413474,1862.40013884267,173.470625292067,1621.24797846599,2424.30547592016,1469.00233867624,2248.82583189735,94.2217683482658,249.325429427155,279.065805214236,255.287419777908,23.7783854363281,222.231627141054,332.310268235752,201.362644292655,308.256497721126,12.9153942951743,34.1761387555686,10.0209290214436,9.16707481125451,0.853854210189044,7.98007968117336,11.9328758624902,7.23069873959587,11.0691328939093,0.46377681212695,1.22722545828803,"Romania","Eastern"
"RO","75-84",451675.486452872,31684.3092198199,3500.33835453811,3224.99204863598,275.34630590213,2826.06194594814,4106.63505707873,2566.41332198686,3807.36213618053,155.681523260185,387.799863711338,774.967528573933,714.006437223925,60.9610913500084,625.684153935818,909.200339679542,568.198496257033,842.941946236836,34.467560877123,85.8580718552681,11.0475451121671,10.1785146277345,0.869030484432621,8.91943683020339,12.9611001729205,8.0999503703286,12.0165540292066,0.491352114322883,1.22394924573187,"Romania","Eastern"
"RO","85+",138122.243546886,24554.838980226,2962.08042535587,2744.04844071761,218.031984638268,2440.59862478822,3437.10649560098,2240.23142498031,3214.51687380167,131.122658400573,305.533834694741,2144.53541246626,1986.68105169181,157.854360774451,1766.98449295008,2488.45255285347,1621.9193718931,2327.2984794158,94.9323259117657,221.205380718441,12.0631229866392,11.1751840153682,0.887938971270996,9.93937947120581,13.9976747490337,9.12338063704825,13.0911747227922,0.533999259804415,1.24429174608226,"Romania","Eastern"
"SE","20-44",1226720.83581403,694.015187472539,26.3681635636947,25.8204326112593,0.547730952435426,2.13717730418812,48.3906970903034,1.70915371065569,47.8220029292316,-0.5786445535785,1.46540690707819,2.14948363098417,2.10483362289394,0.0446500080902239,0.174218717233243,3.94471958717423,0.139327030303641,3.89836069732181,-0.0471700273350719,0.119457244410932,3.79936405422512,3.72044201298995,0.078922041235171,0.307943881166531,6.97257033618132,0.246270361442677,6.89062772579798,-0.0833763531437697,0.21114911222835,"Sweden","Northern"
"SE","45-64",908100.354827917,2905.8817739342,179.513435796978,174.717777530003,4.79565826697529,112.926349417742,246.167714338516,108.252614715771,241.97663311571,0.77075337113582,8.30055061576357,19.7680173609221,19.2399195310425,0.528097829879613,12.4354482208237,27.1079857011139,11.9207766124355,26.6464638879658,0.0848753518306769,0.914056532588461,6.17758910246162,6.01255629520868,0.165032807252945,3.88613020772877,8.47136027854415,3.72529315152454,8.32713275833324,0.026523906720827,0.28564653559617,"Sweden","Northern"
"SE","65-74",377451.629994899,5208.75322443319,392.890761896672,381.456259895336,11.4345020013363,291.357947779369,497.132581356657,282.723183035291,486.472616635577,4.93225443901138,17.4974818834578,104.090360373323,101.060965056765,3.02939531655774,77.1908039669366,131.707626050887,74.9031559458659,128.883432465811,1.30672490116894,4.63568852085611,7.54289452711452,7.32336978657394,0.219524740540585,5.59362164467053,9.5441761192431,5.42784752614302,9.33952129568423,0.0946916512741512,0.335924570228835,"Sweden","Northern"
"SE","75-84",207189.975728646,8427.35917219434,733.302043229381,710.542620043816,22.7594231855649,573.8647279475,902.066158949813,557.795546769546,877.398044876799,12.7453801307953,32.5044874918257,353.92737541983,342.942566378985,10.984809040845,276.975141258322,435.381178928867,269.219369715108,423.475142458588,6.15154284659395,15.6882529560196,8.70144523623575,8.43137933871641,0.270065897519339,6.80954396533779,10.7040193792397,6.61886523847192,10.4113047391137,0.151238126563396,0.38570193613051,"Sweden","Northern"
"SE","85+",88021.3380014317,13470.6637649764,1350.30099216703,1306.47164045822,43.8293517088039,1096.59030498902,1614.25206476478,1058.09820041898,1566.26286342173,26.9216878355417,59.1902655729091,1534.06097069902,1484.2669631277,49.794007571313,1245.82326273111,1833.93265930418,1202.09283844534,1779.41269581276,30.5854108183447,67.2453599511818,10.0240122960963,9.6986433872326,0.325368908863718,8.14058107396415,11.9834634204279,7.85483342825337,11.6272137048955,0.199854203959405,0.439401254500934,"Sweden","Northern"
"SI","20-44",129052.412577344,76.9674192045663,2.44006434264577,1.13626214409787,1.3038021985479,1.24622783200643,3.65390634297029,-0.0520170013269871,2.38686719421785,0.488045237262281,2.01446344921725,1.89075453446745,0.880465635167329,1.01028889930013,0.965675733694277,2.83133516839946,-0.040306880195527,1.84953318310679,0.378175988743942,1.56096535429738,3.17025615236039,1.47628978058609,1.69396637177429,1.61916281575476,4.74734164238875,-0.0675831434450657,3.1011397015586,0.634093285582488,2.61729374589415,"Slovenia","Southern"
"SI","45-64",107966.981403256,497.393214844326,21.8823276336123,14.8539587026361,7.02836893097622,9.41415037637806,34.037498456549,2.58311721321868,26.8398076641491,4.02622669206254,9.98178750554368,20.2676108465809,13.757871628509,6.50973921807196,8.71947168849359,31.5258405988208,2.39250665309494,24.8592739329282,3.72912777567116,9.24522235947465,4.39940211899775,2.98636134537643,1.41304077362132,1.8926977882729,6.84317707614931,0.519331011386463,5.39609445065498,0.809465543940454,2.00682019932012,"Slovenia","Southern"
"SI","65-74",37840.4353156241,602.070076424012,33.1010984513991,24.7797535156201,8.32134493577898,17.9405715008499,47.0612259727218,10.4203610987365,38.605451163195,4.76576116656376,11.3705586882467,87.4754694952778,65.484853197206,21.9906162980719,47.411112877558,124.367559675748,27.5376353676194,102.021688813012,12.5943613671801,30.0486994755895,5.49788135095548,4.11575902639095,1.38212232456453,2.97981451053135,7.81656950171672,1.73075552278367,6.41211923244743,0.791562536186808,1.88857728252865,"Slovenia","Southern"
"SI","75-84",24571.8885669237,1053.39212894629,67.6415992883532,53.254095396109,14.3875038922443,42.2573141544929,94.2570661574616,28.6956838170325,78.4970869330025,8.57803707724609,19.8429106716282,275.280425043949,216.727726283906,58.5526987600429,171.974221840545,383.597157787624,116.782573463481,319.45890817146,34.9099624714764,80.754520018208,6.42131238971901,5.05548635999197,1.36582602972704,4.01154641213836,8.94795618529509,2.72412172338299,7.45183913719984,0.814325154093061,1.88371548698366,"Slovenia","Southern"
"SI","85+",8888.24150631249,1278.07950287522,95.0311712167455,77.7341868770178,17.2969843397277,59.8405763724285,127.115317489409,44.6429433310567,107.677551529068,10.3742535029383,24.1637115913728,1069.17854503901,874.573298011878,194.605247027134,673.255517752633,1430.15148046024,502.269693047281,1211.46068603778,116.718852605101,271.861555226774,7.43546633859316,6.08210887524164,1.35335746335152,4.68206995244106,9.94580675172758,3.4929707604751,8.42494940939372,0.811706429811289,1.89062664231866,"Slovenia","Southern"
"SK","20-44",410963.090014897,398.998821153151,17.6936784891684,15.3261970008949,2.36748148827346,6.57758294078843,29.8458451019149,4.95512567072388,26.6914214986633,-0.0646478921968701,4.65429107927215,4.30541791198986,3.72933661763624,0.576081294353623,1.60052887974684,7.26241500199763,1.20573496528466,6.49484641009872,-0.0157308268717093,1.13253262698201,4.43451898881096,3.84116347928059,0.593355509530373,1.64852189833005,7.48018377990618,1.24188980218112,6.68959908741638,-0.016202527117757,1.16649243870464,"Slovakia","Eastern"
"SK","45-64",296373.007316535,2211.9397956875,148.586707850792,134.488313344842,14.0983945059499,96.2868309014445,202.82653152391,81.800284425268,188.707586034829,4.776111119647,23.6503056645293,50.1350339547275,45.3780573887434,4.75697656598411,32.4883941939447,68.4362362687387,27.6004502454244,63.6723255412002,1.61152028077442,7.97991216496654,6.71748427061547,6.08010731607824,0.637376954537225,4.35304935013013,9.1696226054321,3.69812436056124,8.53131655765415,0.215924101051879,1.06921109293476,"Slovakia","Eastern"
"SK","65-74",103604.701718425,2428.53482462395,195.555198985427,179.45282220637,16.1023767790571,136.592451305498,252.929854655476,120.771836104652,236.12908645056,7.46470830655241,25.0885513296369,188.751278409066,173.209149034649,15.5421293744176,131.840012122931,244.129706915121,116.569841041465,227.913485135364,7.2049899114037,24.2156493996017,8.05239426680688,7.38934522934658,0.663049037460294,5.62447982711753,10.4149156969426,4.97303291186502,9.72310893203372,0.307374974855809,1.03307356663176,"Slovakia","Eastern"
"SK","75-84",50072.7666872577,3003.12557211165,276.503690544995,255.310573215182,21.1931173298131,204.442124797599,345.635283029478,182.727142299499,324.773059704002,10.8472598081269,31.5575209663401,552.203740352455,509.879102167031,42.3246381854235,408.290051305722,690.265998657977,364.923199552301,648.602186758434,21.66299273191,63.0233219654921,9.2071970986738,8.50149509518044,0.705702003493351,6.80764489823997,11.5091851715826,6.08456549391021,10.8145014887152,0.361199009087708,1.05082255831715,"Slovakia","Eastern"
"SK","85+",16308.226292543,2768.46809414189,285.062113280226,264.833224005939,20.2288892742866,216.62869162455,348.49017407171,197.567763657385,326.248311835596,11.4263875942583,28.9005633560612,1747.96515676614,1623.92414267047,124.041014095668,1328.339990742,2136.89807720573,1211.46076902136,2000.51376515897,70.0651768579093,177.214632895278,10.2967454775231,9.56605656992505,0.730688907598074,7.82485780070713,12.5878342181049,7.1363568926599,11.7844345949278,0.412733223057064,1.04391896071387,"Slovakia","Eastern"
"UK","20-44",12153209.6291014,9261.00456143302,522.49738553449,516.215587805452,6.28179772903776,281.191049295162,740.44396223667,272.989383476088,733.825571450097,-1.49365761738378,13.482136093317,4.29925428327467,4.24756589871825,0.0516883845564198,2.31371841576598,6.09257953111947,2.2462328208542,6.03812156496438,-0.0122902316586983,0.110934777764661,5.64190830561086,5.5740776757114,0.0678306298994602,3.03629101389463,7.99528773930435,2.94772971620097,7.92382258946374,-0.0161284621714154,0.145579629119963,"United Kingdom","Northern"
"UK","45-64",8707023.51757593,39371.5319734129,2960.93085437879,2917.11025715324,43.8205972255475,2308.10130349749,3573.48109801518,2271.60110584823,3513.49757479871,19.9546971034496,66.2548919900865,34.0062347184646,33.5029559902392,0.503278728225456,26.5084997053054,41.0413626516775,26.0892956274069,40.3524530249216,0.229179317859533,0.760936178205387,7.52048677297663,7.40918656435092,0.111300208625712,5.86236091868642,9.07630696318423,5.7696538386726,8.92395443786979,0.0506830598233383,0.168281214037665,"United Kingdom","Northern"
"UK","65-74",3089699.64386221,51195.7655013726,4495.94671934631,4423.97130836802,71.9754109782899,3830.50146437996,5132.9309047691,3766.89836466571,5054.64553560773,46.610267414618,96.6746607035276,145.514038177713,143.184510415321,2.32952776239177,123.976499527693,166.130417076813,121.917946689374,163.596663696711,1.50856953060829,3.12893393684965,8.78187224141766,8.64128363946314,0.140588601954512,7.48206697735043,10.0260848812418,7.35783189835245,9.87317112285824,0.0910432082773885,0.188833314155515,"United Kingdom","Northern"
"UK","75-84",1844568.5147684,86285.6791137044,8442.51792501271,8300.02896464259,142.488960370122,7471.87399801701,9547.62824084259,7316.9378143029,9381.52592723383,97.0883274487491,184.608516097747,457.696087590041,449.97130213321,7.7247854568315,405.074354148084,517.607677047516,396.674764624918,508.60273565993,5.26347092403554,10.0082222275666,9.78437906699146,9.61924278732869,0.165136279662764,8.65946015001032,11.0651365776018,8.47989827449916,10.8726338177986,0.112519630657145,0.213950354211706,"United Kingdom","Northern"
"UK","85+",751405.873163839,112942.661324025,12408.0916439278,12184.8643808361,223.227263091727,10987.3146664964,14017.7098455338,10772.4653922831,13776.6786502677,157.107370642187,286.585833896701,1651.31682983563,1621.60888223178,29.707947603845,1462.23433418661,1865.53104602595,1433.64136174835,1833.45368226364,20.9084565683094,38.1399512742712,10.9861867061286,10.7885401654195,0.197646540709099,9.72822362931094,12.4113507519696,9.53799500206366,12.1979405202285,0.139103655607563,0.253744537747792,"United Kingdom","Northern"
